-- phpMyAdmin SQL Dump
-- version 4.8.4
-- https://www.phpmyadmin.net/
--
-- Host: 127.0.0.1
-- Generation Time: Apr 20, 2019 at 03:17 AM
-- Server version: 10.1.37-MariaDB
-- PHP Version: 7.3.1

SET SQL_MODE = "NO_AUTO_VALUE_ON_ZERO";
SET AUTOCOMMIT = 0;
START TRANSACTION;
SET time_zone = "+00:00";


/*!40101 SET @OLD_CHARACTER_SET_CLIENT=@@CHARACTER_SET_CLIENT */;
/*!40101 SET @OLD_CHARACTER_SET_RESULTS=@@CHARACTER_SET_RESULTS */;
/*!40101 SET @OLD_COLLATION_CONNECTION=@@COLLATION_CONNECTION */;
/*!40101 SET NAMES utf8mb4 */;

--
-- Database: `2050hotel`
--

-- --------------------------------------------------------

--
-- Table structure for table `customerlogon`
--

CREATE TABLE `customerlogon` (
  `customerID` int(11) NOT NULL,
  `userName` varchar(255) NOT NULL,
  `pass` varchar(255) DEFAULT NULL,
  `salt` varchar(255) DEFAULT NULL,
  `state` int(11) DEFAULT NULL,
  `dateJoined` datetime DEFAULT NULL,
  `dateLastModified` datetime DEFAULT NULL
) ENGINE=InnoDB DEFAULT CHARSET=utf8;

--
-- Dumping data for table `customerlogon`
--

INSERT INTO `customerlogon` (`customerID`, `userName`, `pass`, `salt`, `state`, `dateJoined`, `dateLastModified`) VALUES
(16, 'aaronmitchell@yahoo.ca', 'cad0020cfe7be03ec30799f3a555614a', 'G2tZArYb7JR25d02apafzwZ0GFFb6tIP', 1, '2013-02-12 00:00:00', '2013-03-21 00:00:00'),
(7, 'astrid.gruber@apple.at', '6f8c4eed1a70ab63cc010e49157871fb', 'eWGrN16jTtprvlNS3ynaUUIZwYZSaYv3', 1, '2012-06-05 00:00:00', '2013-01-10 00:00:00'),
(4, 'bjorn.hansen@yahoo.no', '9cad8e966c8b47a27e2703e51a75d23e', 'vFDJ8jISdVfCIMkTpbze5ECLMeritDe8', 1, '2012-07-31 00:00:00', '2012-08-14 00:00:00'),
(21, 'camille.bernard@yahoo.fr', '417ea2d71b3d61dd12c7bf126fc8e83d', 'p3L5I7yj8OSnR43VFi8jKGHSeNY7MpsI', 1, '2012-10-29 00:00:00', '2012-12-07 00:00:00'),
(34, 'diego.gutierrez@yahoo.ar', 'cdcabbb42c07586007f367353c2bd241', 'YP6aWNCsANhgpmQ8vrrmZBb6L54sOxkp', 1, '2013-07-05 00:00:00', '2013-07-05 00:00:00'),
(33, 'dominiquelefebvre@gmail.com', '5a2b2e0fcff2d5d36bd0f988b1acfe41', 'VubVwUzwUC29gpVff7iZm3Aoe6LWba57', 1, '2013-07-01 00:00:00', '2013-07-01 00:00:00'),
(13, 'edfrancis@yachoo.ca', 'd1b76d1c9e9a0af1b243348d6aa208db', 'CdQkKYIAH7784lUQ7CbJtXDwcgCuVnql', 1, '2012-12-20 00:00:00', '2013-01-11 00:00:00'),
(17, 'ellie.sullivan@shaw.ca', '6edddf2a896de8586087175dfff26b25', 're1Hjavg48wRI7Kt0GOA8HquU2fczMY1', 1, '2012-09-10 00:00:00', '2012-11-05 00:00:00'),
(23, 'emma_jones@hotmail.com', '02982989b8ceb5e2276e85633ff7fe02', 'tCr41u0Ap5wwyjki778lGcV9hYVHHOwg', 1, '2013-05-14 00:00:00', '2013-05-14 00:00:00'),
(38, 'enrique_munoz@yahoo.es', '6f8c4eed1a70ab63cc010e49157871fb', 'eWGrN16jTtprvlNS3ynaUUIZwYZSaYv3', 1, '2013-07-13 00:00:00', '2013-07-13 00:00:00'),
(8, 'fharris@google.com', 'e62798b951bab59d58bcbd6b49159bed', '8kLYNpRXd57yHh2NG8xeMedFLb9q3v4V', 1, '2012-09-25 00:00:00', '2012-11-18 00:00:00'),
(41, 'fralston@gmail.com', 'badc7aadfb35a97f503d2d0643fc48aa', 'LYRv2m2DkHT0er5GqAtnX4DiZ7pAKtA4', 1, '2013-07-17 00:00:00', '2013-07-17 00:00:00'),
(5, 'frantisekw@jetbrains.com', '6d465b9782c5a1ffd5e64b8be43a25f1', 't5llWFtASh1LwDjbSuAcA7gZ7d8MBz2J', 1, '2012-08-06 00:00:00', '2012-09-25 00:00:00'),
(3, 'ftremblay@gmail.com', 'cdcabbb42c07586007f367353c2bd241', 'YP6aWNCsANhgpmQ8vrrmZBb6L54sOxkp', 1, '2012-10-28 00:00:00', '2012-11-16 00:00:00'),
(20, 'hannah.schneider@yahoo.de', '5b07a28fc054211e3ca3b1ea79fdd5e4', 'TMBUkDfMyv6hRez3KVDnCfjLht3yLvJX', 1, '2012-08-01 00:00:00', '2012-11-02 00:00:00'),
(6, 'hholy@gmail.com', '7eb81f3fdd0c1c96951b85905da420f2', 'VoTVT17OHoGxaZwmit3g07uwwdx0FoFE', 1, '2012-11-01 00:00:00', '2012-12-14 00:00:00'),
(43, 'hleacock@gmail.com', 'acb354fef1df68cea98f75bfb4e11efe', 'NeNAmefofIuB18TsKSlySz8hTLw4NJXv', 1, '2013-07-17 00:00:00', '2013-07-17 00:00:00'),
(53, 'hughoreilly@apple.ie', '44494012fa8815059890b206d78b15e4', '1pUQJIlNVYAAPv0HYmkt8hWrErMfJKAg', 1, '2013-08-26 00:00:00', '2013-08-26 00:00:00'),
(22, 'isabelle_mercier@apple.fr', '0ccc0904c901d7bf847c42a70f7fb187', 'aIP5DI349uWKfng6V084FTAauGKCKhnI', 1, '2012-11-12 00:00:00', '2013-01-21 00:00:00'),
(9, 'jacksmith@microsoft.com', '3ce9cf0d08e544eaace1f5280b7e79ad', 'WLwDFTyhbHpBFySCJ8a6pqgpXkHM1oAV', 1, '2012-11-16 00:00:00', '2013-01-18 00:00:00'),
(48, 'jenniferp@rogers.ca', 'd1b76d1c9e9a0af1b243348d6aa208db', 'CdQkKYIAH7784lUQ7CbJtXDwcgCuVnql', 1, '2013-07-18 00:00:00', '2013-07-18 00:00:00'),
(18, 'jfernandes@yahoo.pt', '44494012fa8815059890b206d78b15e4', '1pUQJIlNVYAAPv0HYmkt8hWrErMfJKAg', 1, '2012-08-27 00:00:00', '2012-09-03 00:00:00'),
(39, 'joakim.johansson@yahoo.se', 'e62798b951bab59d58bcbd6b49159bed', '8kLYNpRXd57yHh2NG8xeMedFLb9q3v4V', 1, '2013-07-15 00:00:00', '2013-07-15 00:00:00'),
(37, 'johavanderberg@yahoo.nl', '7eb81f3fdd0c1c96951b85905da420f2', 'VoTVT17OHoGxaZwmit3g07uwwdx0FoFE', 1, '2013-07-13 00:00:00', '2013-07-13 00:00:00'),
(42, 'johngordon22@yahoo.com', '9ebc2309a19d8b6cc30a78b627d2a8d0', 'PgJBPfjDqmY30b6w38H0QBqolgyAQPpE', 1, '2013-07-17 00:00:00', '2013-07-17 00:00:00'),
(40, 'jubarnett@gmail.com', '3ce9cf0d08e544eaace1f5280b7e79ad', 'WLwDFTyhbHpBFySCJ8a6pqgpXkHM1oAV', 1, '2013-07-16 00:00:00', '2013-07-16 00:00:00'),
(52, 'kachase@hotmail.com', '6edddf2a896de8586087175dfff26b25', 're1Hjavg48wRI7Kt0GOA8HquU2fczMY1', 1, '2013-08-23 00:00:00', '2013-08-23 00:00:00'),
(51, 'kara.nielsen@jubii.dk', 'cad0020cfe7be03ec30799f3a555614a', 'G2tZArYb7JR25d02apafzwZ0GFFb6tIP', 1, '2013-08-22 00:00:00', '2013-08-22 00:00:00'),
(35, 'ladislav_kovacs@apple.hu', '9cad8e966c8b47a27e2703e51a75d23e', 'vFDJ8jISdVfCIMkTpbze5ECLMeritDe8', 1, '2013-07-06 00:00:00', '2013-07-08 00:00:00'),
(2, 'leonekohler@surfeu.de', '5a2b2e0fcff2d5d36bd0f988b1acfe41', 'VubVwUzwUC29gpVff7iZm3Aoe6LWba57', 1, '2012-08-22 00:00:00', '2012-10-15 00:00:00'),
(36, 'lucas.mancini@yahoo.it', '6d465b9782c5a1ffd5e64b8be43a25f1', 't5llWFtASh1LwDjbSuAcA7gZ7d8MBz2J', 1, '2013-07-11 00:00:00', '2013-07-11 00:00:00'),
(1, 'luisg@embraer.com.br', '81c71e87e09e4310e3b974c79a8f817b', 'HoGiVlunac11vDbbFHpoB0OdDOEkA6Uk', 1, '2012-10-08 00:00:00', '2012-11-15 00:00:00'),
(54, 'luisrojas@yahoo.cl', '3d708043f9b48cbf0b6906609864659f', 'KxWAVWa3dtIEFg9smi8v0vX0lii8vHBI', 1, '2013-08-27 00:00:00', '2013-08-27 00:00:00'),
(25, 'manoj.pareek@rediff.com', '57a618989f36d9a360b28a3137d21ea7', 'VIlh0rsTTk16V9zcxqLvh2gclZyQOUqS', 1, '2013-05-07 00:00:00', '2013-05-07 00:00:00'),
(27, 'mark.taylor@yahoo.au', '01a5da61e8b9cfa23fc60d755ae9dd41', 'MPNdWXkMvW2lUfD4B1GCjjc897xQGodV', 1, '2013-05-17 00:00:00', '2013-05-17 00:00:00'),
(15, 'marthasilk@gmail.com', '701a6c379457427da2109b6a5cc4db4e', 'rh5PWxACiKkaWhL8XjRoEiTB4vOjjnRH', 1, '2012-11-17 00:00:00', '2012-12-01 00:00:00'),
(19, 'masampaio@sapo.pt', '3d708043f9b48cbf0b6906609864659f', 'KxWAVWa3dtIEFg9smi8v0vX0lii8vHBI', 1, '2012-07-29 00:00:00', '2012-12-10 00:00:00'),
(49, 'michael@chinookcorp.com', '4d5df99ea28d85bee1943057c0fa5af1', '5JD3H7F7FCgA3XySfVUqn7IvZRRvkyLD', 1, '2013-07-18 00:00:00', '2013-07-18 00:00:00'),
(10, 'michelleb@aol.com', 'badc7aadfb35a97f503d2d0643fc48aa', 'LYRv2m2DkHT0er5GqAtnX4DiZ7pAKtA4', 1, '2012-12-07 00:00:00', '2013-03-07 00:00:00'),
(14, 'mphilips12@shaw.ca', '4d5df99ea28d85bee1943057c0fa5af1', '5JD3H7F7FCgA3XySfVUqn7IvZRRvkyLD', 1, '2012-05-21 00:00:00', '2012-10-28 00:00:00'),
(32, 'nschroder@surfeu.de', '81c71e87e09e4310e3b974c79a8f817b', 'HoGiVlunac11vDbbFHpoB0OdDOEkA6Uk', 1, '2013-07-01 00:00:00', '2013-07-01 00:00:00'),
(29, 'patrick.gray@aol.com', '7824ba805eb58f0d8b5e4607f3d70b09', 'RwdSqVGvp4hfSSsVLGhpbKoJwUmv7vG1', 1, '2013-05-27 00:00:00', '2013-05-27 00:00:00'),
(24, 'phil.hughes@gmail.com', '4f3a9fa4ab53fd6d486e1825d0923e13', '9A9GY16GX7LY02Y3M9vWV0ruYZHToRQT', 1, '2013-05-24 00:00:00', '2013-05-24 00:00:00'),
(26, 'puja_srivastava@yahoo.in', '40df37ea86d9eca113d9792920ea8f5f', 'yRh5Y1wmaitivmZquChMWdmsw7Qp7Zlm', 1, '2013-06-01 00:00:00', '2013-06-01 00:00:00'),
(28, 'ricunningham@hotmail.com', 'f67ea90a2e7d22c2a1f1efb5db58cbb9', 'gfFw77kT6E2cujRF4k40Eekp0374PqXk', 1, '2013-05-21 00:00:00', '2013-05-21 00:00:00'),
(12, 'robbrown@shaw.ca', 'acb354fef1df68cea98f75bfb4e11efe', 'NeNAmefofIuB18TsKSlySz8hTLw4NJXv', 1, '2013-02-07 00:00:00', '2013-06-11 00:00:00'),
(31, 'stanisław.wójcik@wp.pl', '50096c8cc2ee2915e26989554bf7b190', 'cDw2VtsHAFhyQlOoc7nYCHyivicq1mzG', 1, '2013-05-25 00:00:00', '2013-06-25 00:00:00'),
(50, 'steve@chinookcorp.com', '701a6c379457427da2109b6a5cc4db4e', 'rh5PWxACiKkaWhL8XjRoEiTB4vOjjnRH', 1, '2013-07-19 00:00:00', '2013-07-20 00:00:00'),
(30, 'terhi.hamalainen@apple.fi', 'be8ecb3abe6abd9a83235cd731d3b3f3', 'LnirideCAMlz2LoILM2fb7nPE8yiqnRT', 1, '2013-05-24 00:00:00', '2013-05-26 00:00:00'),
(11, 'tgoyer@apple.com', '9ebc2309a19d8b6cc30a78b627d2a8d0', 'PgJBPfjDqmY30b6w38H0QBqolgyAQPpE', 1, '2013-01-14 00:00:00', '2013-04-19 00:00:00');

-- --------------------------------------------------------

--
-- Table structure for table `customers`
--

CREATE TABLE `customers` (
  `customerID` int(11) NOT NULL,
  `firstName` varchar(128) DEFAULT NULL,
  `lastName` varchar(128) DEFAULT NULL,
  `address` varchar(128) DEFAULT NULL,
  `city` varchar(128) DEFAULT NULL,
  `region` varchar(128) DEFAULT NULL,
  `country` varchar(128) DEFAULT NULL,
  `postal` varchar(128) DEFAULT NULL,
  `phone` varchar(128) DEFAULT NULL,
  `email` varchar(128) DEFAULT NULL,
  `privacy` varchar(128) DEFAULT NULL
) ENGINE=InnoDB DEFAULT CHARSET=utf8;

--
-- Dumping data for table `customers`
--

INSERT INTO `customers` (`customerID`, `firstName`, `lastName`, `address`, `city`, `region`, `country`, `postal`, `phone`, `email`, `privacy`) VALUES
(1, 'Luís', 'Gonçalves', 'Av. Brigadeiro Faria Lima, 2170', 'São José dos Campos', 'SP', 'Brazil', '12227-000', '+55 (12) 3923-5555', 'luisg@embraer.com.br', '1'),
(2, 'Leonie', 'Köhler', 'Theodor-Heuss-Straße 34', 'Stuttgart', NULL, 'Germany', '70174', '+49 0711 2842222', 'leonekohler@surfeu.de', '1'),
(3, 'Bjørn', 'Hansen', 'Ullevålsveien 14', 'Oslo', NULL, 'Norway', '0171', '+47 22 44 22 22', 'bjorn.hansen@yahoo.no', '1'),
(4, 'François', 'Tremblay', '1498 rue Bélanger', 'Montréal', 'QC', 'Canada', 'H2G 1A7', '+1 (514) 721-4711', 'ftremblay@gmail.com', '1'),
(5, 'František', 'Wichterlová', 'Klanova 9/506', 'Prague', NULL, 'Czech Republic', '14700', '+420 2 4172 5555', 'frantisekw@jetbrains.com', '2'),
(6, 'Astrid', 'Gruber', 'Rotenturmstraße 4, 1010 Innere Stadt', 'Vienna', NULL, 'Austria', '1010', '+43 01 5134505', 'astrid.gruber@apple.at', '1'),
(7, 'Helena', 'Holý', 'Rilská 3174/6', 'Prague', NULL, 'Czech Republic', '14300', '+420 2 4177 0449', 'hholy@gmail.com', '2'),
(8, 'Frank', 'Harris', '1600 Amphitheatre Parkway', 'Mountain View', 'CA', 'USA', '94043-1351', '+1 (425) 882-8080', 'fharris@google.com', '1'),
(9, 'Jack', 'Smith', '1 Microsoft Way', 'Redmond', 'WA', 'USA', '98052-8300', '+1 (425) 882-8080', 'jacksmith@microsoft.com', '2'),
(10, 'Michelle', 'Brooks', '627 Broadway', 'New York', 'NY', 'USA', '10012-2612', '+1 (212) 221-3546', 'michelleb@aol.com', '1'),
(11, 'Tim', 'Goyer', '1 Infinite Loop', 'Cupertino', 'CA', 'USA', '95014', '+1 (408) 996-1010', 'tgoyer@apple.com', '1'),
(12, 'Robert', 'Brown', '796 Dundas Street West', 'Toronto', 'ON', 'Canada', 'M6J 1V1', '+1 (416) 363-8888', 'robbrown@shaw.ca', '2'),
(13, 'Edward', 'Francis', '230 Elgin Street', 'Ottawa', 'ON', 'Canada', 'K2P 1L7', '+1 (613) 234-3322', 'edfrancis@yachoo.ca', '2'),
(14, 'Mark', 'Philips', '8210 111 ST NW', 'Edmonto', 'AB', 'Canada', 'T6G 2C7', '+1 (780) 434-4554', 'mphilips12@shaw.ca', '1'),
(15, 'Martha', 'Silk', '194A Chain Lake Drive', 'Halifax', 'NS', 'Canada', 'B3S 1C5', '+1 (902) 450-0450', 'marthasilk@gmail.com', '1'),
(16, 'Aaron', 'Mitchell', '696 Osborne Street', 'Winnipeg', 'MB', 'Canada', 'R3L 2B9', '+1 (204) 452-6452', 'aaronmitchell@yahoo.ca', '2'),
(17, 'Ellie', 'Sullivan', '5112 48 Street', 'Yellowknife', 'NT', 'Canada', 'X1A 1N6', '+1 (867) 920-2233', 'ellie.sullivan@shaw.ca', '2'),
(18, 'João', 'Fernandes', 'Rua da Assunção 53', 'Lisbon', NULL, 'Portugal', NULL, '+351 (213) 466-111', 'jfernandes@yahoo.pt', '2'),
(19, 'Madalena', 'Sampaio', 'Rua dos Campeões Europeus de Viena, 4350', 'Porto', NULL, 'Portugal', NULL, '+351 (225) 022-448', 'masampaio@sapo.pt', '2'),
(20, 'Hannah', 'Schneider', 'Tauentzienstraße 8', 'Berlin', NULL, 'Germany', '10789', '+49 030 26550280', 'hannah.schneider@yahoo.de', '1'),
(21, 'Camille', 'Bernard', '4, Rue Milton', 'Paris', NULL, 'France', '75009', '+33 01 49 70 65 65', 'camille.bernard@yahoo.fr', '1'),
(22, 'Isabelle', 'Mercier', '68, Rue Jouvence', 'Dijon', NULL, 'France', '21000', '+33 03 80 73 66 99', 'isabelle_mercier@apple.fr', '1'),
(23, 'Emma', 'Jones', '202 Hoxton Street', 'London', NULL, 'United Kingdom', 'N1 5LH', '+44 020 7707 0707', 'emma_jones@hotmail.com', '1'),
(24, 'Phil', 'Hughes', '113 Lupus St', 'London', NULL, 'United Kingdom', 'SW1V 3EN', '+44 020 7976 5722', 'phil.hughes@gmail.com', '1'),
(25, 'Manoj', 'Pareek', '12,Community Centre', 'Delhi', NULL, 'India', '110017', '+91 0124 39883988', 'manoj.pareek@rediff.com', '1'),
(26, 'Puja', 'Srivastava', '3,Raj Bhavan Road', 'Bangalore', NULL, 'India', '560001', '+91 080 22289999', 'puja_srivastava@yahoo.in', '2'),
(27, 'Mark', 'Taylor', '421 Bourke Street', 'Sidney', 'NSW', 'Australia', '2010', '+61 (02) 9332 3633', 'mark.taylor@yahoo.au', '1'),
(28, 'Richard', 'Cunningham', '2211 W Berry Street', 'Fort Worth', 'TX', 'USA', '76110', '+1 (817) 924-7272', 'ricunningham@hotmail.com', '1'),
(29, 'Patrick', 'Gray', '1033 N Park Ave', 'Tucson', 'AZ', 'USA', '85719', '+1 (520) 622-4200', 'patrick.gray@aol.com', '2'),
(30, 'Terhi', 'Hämäläinen', 'Porthaninkatu 9', 'Helsinki', NULL, 'Finland', '00530', '+358 09 870 2000', 'terhi.hamalainen@apple.fi', '2'),
(31, 'Stanisław', 'Wójcik', 'Ordynacka 10', 'Warsaw', NULL, 'Poland', '00-358', '+48 22 828 37 39', 'stanisław.wójcik@wp.pl', '1'),
(32, 'Niklas', 'Schröder', 'Barbarossastraße 19', 'Berlin', NULL, 'Germany', '10779', '+49 030 2141444', 'nschroder@surfeu.de', '1'),
(33, 'Dominique', 'Lefebvre', '8, Rue Hanovre', 'Paris', NULL, 'France', '75002', '+33 01 47 42 71 71', 'dominiquelefebvre@gmail.com', '2'),
(34, 'Diego', 'Gutiérrez', '307 Macacha Güemes', 'Buenos Aires', NULL, 'Argentina', '1106', '+54 (0)11 4311 4333', 'diego.gutierrez@yahoo.ar', '2'),
(35, 'Ladislav', 'Kovács', 'Erzsébet krt. 58.', 'Budapest', NULL, 'Hungary', 'H-1073', NULL, 'ladislav_kovacs@apple.hu', '1'),
(36, 'Lucas', 'Mancini', 'Via Degli Scipioni, 43', 'Rome', 'RM', 'Italy', '00192', '+39 06 39733434', 'lucas.mancini@yahoo.it', '2'),
(37, 'Johannes', 'Van der Berg', 'Lijnbaansgracht 120bg', 'Amsterdam', 'VV', 'Netherlands', '1016', '+31 020 6223130', 'johavanderberg@yahoo.nl', '1'),
(38, 'Enrique', 'Muñoz', 'C/ San Bernardo 85', 'Madrid', NULL, 'Spain', '28015', '+34 914 454 454', 'enrique_munoz@yahoo.es', '2'),
(39, 'Joakim', 'Johansson', 'Celsiusg. 9', 'Stockholm', NULL, 'Sweden', '11230', '+46 08-651 52 52', 'joakim.johansson@yahoo.se', '1'),
(40, 'Julia', 'Barnett', '302 S 700 E', 'Salt Lake City', 'UT', 'USA', '84102', '+1 (801) 531-7272', 'jubarnett@gmail.com', '1'),
(41, 'Frank', 'Ralston', '162 E Superior Street', 'Chicago', 'IL', 'USA', '60611', '+1 (312) 332-3232', 'fralston@gmail.com', '1'),
(42, 'John', 'Gordon', '69 Salem Street', 'Boston', 'MA', 'USA', '2113', '+1 (617) 522-1333', 'johngordon22@yahoo.com', '2'),
(43, 'Heather', 'Leacock', '120 S Orange Ave', 'Orlando', 'FL', 'USA', '32801', '+1 (407) 999-7788', 'hleacock@gmail.com', '1'),
(48, 'Jennifer', 'Peterson', '700 W Pender Street', 'Vancouver', 'BC', 'Canada', 'V6C 1G8', '+1 (604) 688-2255', 'jenniferp@rogers.ca', '1'),
(49, 'Michael', 'Mitchell', '5827 Bowness Road NW', 'Calgary', 'AB', 'Canada', 'T3B 0C5', '+1 (403) 246-9887', 'michael@chinookcorp.com', '1'),
(50, 'Steve', 'Johnson', '7727B 41 Ave SW', 'Calgary', 'AB', 'Canada', 'T3B 1Y7', '+1 (780) 836-9987', 'steve@chinookcorp.com', '1'),
(51, 'Kara', 'Nielsen', 'Sønder Boulevard 51', 'Copenhagen', NULL, 'Denmark', '1720', '+453 3331 9991', 'kara.nielsen@jubii.dk', '1'),
(52, 'Kathy', 'Chase', '801 W 4th Street', 'Reno', 'NV', 'USA', '89503', '+1 (775) 223-7665', 'kachase@hotmail.com', '2'),
(53, 'Hugh', 'O\'Reilly', '3 Chatham Street', 'Dublin', NULL, 'Ireland', NULL, '+353 01 6792424', 'hughoreilly@apple.ie', '1'),
(54, 'Luis', 'Rojas', 'Calle Lira, 198', 'Santiago', NULL, 'Chile', NULL, '+56 (0)2 635 4444', 'luisrojas@yahoo.cl', '2');

-- --------------------------------------------------------

--
-- Table structure for table `employee`
--

CREATE TABLE `employee` (
  `employeeID` int(11) NOT NULL,
  `hotelID` int(11) NOT NULL,
  `firstName` varchar(128) NOT NULL,
  `lastName` varchar(128) NOT NULL,
  `age` int(11) NOT NULL,
  `start` date NOT NULL
) ENGINE=InnoDB DEFAULT CHARSET=utf8;

-- --------------------------------------------------------

--
-- Table structure for table `hotels`
--

CREATE TABLE `hotels` (
  `HotelID` int(11) NOT NULL,
  `name` varchar(128) NOT NULL,
  `address` varchar(128) NOT NULL,
  `city` varchar(128) NOT NULL,
  `state` char(2) NOT NULL,
  `zip` varchar(128) NOT NULL,
  `rating` decimal(5,2) NOT NULL DEFAULT '0.00'
) ENGINE=InnoDB DEFAULT CHARSET=utf8;

--
-- Dumping data for table `hotels`
--

INSERT INTO `hotels` (`HotelID`, `name`, `address`, `city`, `state`, `zip`, `rating`) VALUES
(1, 'Sheraton Grand Seattle', '1400 6th Ave', 'Seattle', 'WA', '98101', '0.00'),
(2, 'Great Wolf Lodge', '20500 Old Hwy 99 SW', 'Grand Mound', 'WA', '98531', '0.00'),
(3, 'Oregon Garden Resort', '895 W Main St', 'Silverton', 'OR', '97381', '0.00'),
(4, 'Running Y Ranch Resort', '5500 Running Y Rd', 'Klamath Falls', 'OR', '97601', '0.00'),
(5, 'Beachfront Inn', '16008 Boat Basin Rd', 'Brookings', 'OR', '97415', '0.00'),
(6, 'Best Western Country Inn', '2025 Riverwalk Dr', 'Fortuna', 'CA', '95540', '0.00'),
(7, 'Palace Hotel, a Luxury Collection Hotel, San Francisco', '2 New Montgomery St', 'San Francisco', 'CA', '94105', '0.00'),
(8, 'Monterey Plaza Hotel & Spa', '400 Cannery Row', 'Monterey', 'CA', '93940', '0.00'),
(9, 'Peppermill Reno', '2707 S Virginia St', 'Reno', 'NV', '89502', '0.00'),
(10, 'Chukchansi Gold Resort & Casino', '711 Lucky Ln', 'Coarsegold', 'CA', '93614', '0.00'),
(11, 'Madonna Inn', '100 Madonna Rd', 'San Luis Obispo', 'CA', '93405', '0.00'),
(12, 'Terranea Resort', '100 Terranea Way', 'Rancho Palos Verdes', 'CA', '90275', '0.00'),
(13, 'Tropicana Las Vegas', '3801 S Las Vegas Blvd', 'Las Vegas', 'NV', '89109', '0.00'),
(14, 'Luxor Hotel & Casino', '3900 S Las Vegas Blvd', 'Las Vegas', 'NV', '89119', '0.00'),
(15, 'Mandalay Bay', '3950 S Las Vegas Blvd', 'Las Vegas', 'NV', '89119', '0.00'),
(16, 'The Cosmopolitan of Las Vegas', '3708 S Las Vegas Blvd', 'Las Vegas', 'NV', '89109', '0.00'),
(17, 'Bellagio Hotel and Casino', '3600 S Las Vegas Blvd', 'Las Vegas', 'NV', '89109', '0.00'),
(18, 'The Venetian', '3355 S Las Vegas Blvd', 'Las Vegas', 'NV', '89109', '0.00'),
(19, 'Desert Rose Resort', '5051 Duke Ellington Way', 'Las Vegas', 'NV', '89119', '0.00'),
(20, 'Hyatt Regency Phoenix', '122 N 2nd St', 'Phoenix', 'AZ', '85004', '0.00'),
(21, 'Isleta Resort & Casino', '11000 Broadway Southeast', 'Albuquerque', 'NM', '87105', '0.00'),
(22, 'Hyatt Regency Denver At Colorado Convention Center', '650 15th St', 'Denver', 'CO', '80202', '0.00'),
(23, 'Little America Hotel & Resort - Cheyenne', '2800 W Lincolnway', 'Cheyenne', 'WY', '82009', '0.00'),
(24, 'Northern Hotel', '19 N Broadway', 'Billings', 'MT', '59101', '0.00'),
(25, 'Hawthorn Suites by Wyndham Dickinson', '1170 Roughrider Blvd', 'Dickinson', 'ND', '58601', '0.00'),
(26, 'Home2 Suites by Hilton Fargo,ND', '1652 44th St S', 'Fargo', 'ND', '58103', '0.00'),
(27, 'Holiday Inn Rapid City-Rushmore Plaza', '505 N 5th St', 'Rapid City', 'SD', '57701', '0.00'),
(28, 'Ameristar Casino Hotel Council Bluffs', '2200 River Rd', 'Council Bluffs', 'IA', '51501', '0.00'),
(29, 'Argosy Casino Hotel & Spa', '777 Northwest Argosy Casino Parkway', 'Riverside', 'MO', '64150', '0.00'),
(30, 'Ambassador Hotel Wichita, Autograph Collection', '104 S Broadway', 'Wichita', 'KS', '67202', '0.00'),
(31, 'Isleta Resort & Casino', '11000 Broadway Southeast', 'Albuquerque', 'NM', '87105', '0.00'),
(32, 'The Skirvin Hilton', '1 Park Ave', 'Oklahoma City', 'OK', '73102', '0.00'),
(33, 'Omni Fort Worth Hotel', '1300 Houston St', 'Fort Worth', 'TX', '76102', '0.00'),
(34, 'JW Marriott San Antonio Hill Country Resort & Spa', '23808 Resort Pkwy', 'San Antonio', 'TX', '78261', '0.00'),
(35, 'Emerald Beach Hotel', '1102 S Shoreline Blvd', 'Corpus Christi', 'TX', '78401', '0.00'),
(36, 'Hilton Houston Post Oak by the Galleria', '2001 Post Oak Blvd', 'Houston', 'TX', '77056', '0.00'),
(37, 'Hyatt Regency New Orleans', '601 Loyola Ave', 'New Orleans', 'LA', '70113', '0.00'),
(38, 'The Peabody Memphis', '118 S 2nd St', 'Memphis', 'TN', '38103', '0.00'),
(39, 'Wyndham Riverfront Little Rock', '2 Riverfront Pl', 'North Little Rock', 'AR', '72114', '0.00'),
(40, 'Embassy Suites by Hilton Jackson North Ridgeland', '200 Township Ave', 'Ridgeland', 'MS', '39157', '0.00'),
(41, 'Grand Bohemian Hotel Mountain Brook, Autograph Collection', '2655 Lane Park Rd', 'Birmingham', 'AL', '35223', '0.00'),
(42, 'Renaissance Montgomery Hotel & Spa at the Convention Center', '201 Tallapoosa St', 'Montgomery', 'AL', '36104', '0.00'),
(43, 'The Westin Peachtree Plaza, Atlanta', '210 Peachtree St NW', 'Atlanta', 'GA', '30303', '0.00'),
(44, 'Best Western Plus Tallahassee North Hotel', '2727 Graves Rd', 'Tallahassee', 'FL', '32303', '0.00'),
(45, 'Omni Jacksonville Hotel', '245 Water St', 'Jacksonville', 'FL', '32202', '0.00'),
(46, 'Orlando World Center Marriott', '8701 World Center Dr', 'Orlando', 'FL', '32821', '0.00'),
(47, 'The Ritz-Carlton, Naples', '280 Vanderbilt Beach Rd', 'Naples', 'FL', '34108', '0.00'),
(48, '1 Hotel South Beach', '2341 Collins Ave', 'Miami Beach', 'FL', '33139', '0.00'),
(49, 'The Dewberry Charleston', '334 Meeting St', 'Charleston', 'SC', '29403', '0.00'),
(50, 'Embassy Suites by Hilton Columbia Greystone', '200 Stoneridge Dr', 'Columbia', 'SC', '29210', '0.00'),
(51, 'Breakers Myrtle Beach Resort', '2006 North Ocean Boulevard', 'Myrtle Beach', 'SC', '29577', '0.00'),
(52, 'Gaylord Opryland Resort & Convention Center', '2800 Opryland Dr', 'Nashville', 'TN', '37214', '0.00'),
(53, 'The Omni Grove Park Inn', '290 Macon Ave', 'Asheville', 'NC', '28804', '0.00'),
(54, 'The Durham Hotel', '315 E Chapel Hill St', 'Durham', 'NC', '27701', '0.00'),
(55, 'Comfort Inn On the Ocean', '1601 S Virginia Dare Trail', 'Kill Devil Hills', 'NC', '27948', '0.00'),
(56, 'Hilton Norfolk The Main', '100 E Main St', 'Norfolk', 'VA', '23510', '0.00'),
(57, 'Wedmore Place', '5810 Wessex Hundred', 'Williamsburg', 'VA', '23185', '0.00'),
(58, 'Comfort Suites Southpark', '931 South Ave', 'Colonial Heights', 'VA', '23834', '0.00'),
(59, 'The Jefferson Hotel', '101 W Franklin St', 'Richmond', 'VA', '23220', '0.00'),
(60, 'The Galt House Hotel, A Trademark Collection Hotel by Wyndham', '140 N Fourth St', 'Louisville', 'KY', '40202', '0.00'),
(61, 'Hyatt Regency St Louis At The Arch', '315 Chestnut St', 'St. Louis', 'MO', '63102', '0.00'),
(62, 'LondonHouse Chicago, Curio Collection by Hilton', '85 E Wacker Dr', 'Chicago', 'IL', '60601', '0.00'),
(63, 'DoubleTree by Hilton Hotel St Paul Downtown', '411 Minnesota St', 'St Paul', 'MN', '55101', '0.00'),
(64, 'Holiday Inn & Suites Duluth-Downtown', '200 W 1st St', 'Duluth', 'MN', '55802', '0.00'),
(65, 'Home2 Suites by Hilton Fargo, ND', '1652 44th St S', 'Fargo', 'ND', '58103', '0.00'),
(66, 'The Iron Horse Hotel', '500 W Florida St', 'Milwaukee', 'WI', '53204', '0.00'),
(67, 'Hilton Cleveland Downtown', '100 Lakeside Ave E', 'Cleveland', 'OH', '44114', '0.00'),
(68, 'Hilton Columbus Downtown', '401 N High St', 'Columbus', 'OH', '43215', '0.00'),
(69, 'Pittsburgh Marriott City Center', '112 Washington Pl', 'Pittsburgh', 'PA', '15219', '0.00'),
(70, 'Hotel Covington', '638 Madison Ave', 'Covington', 'KY', '41011', '0.00'),
(71, 'Hotel Sofitel Philadelphia at Rittenhouse Square', '120 S 17th St', 'Philadelphia', 'PA', '19103', '0.00'),
(72, 'The Watergate Hotel', '2650 Virginia Ave NW', 'Washington', 'DC', '20037', '0.00'),
(73, 'Dover Downs Hotel & Casino', '1131 N Dupont Hwy', 'Dover', 'DE', '19901', '0.00'),
(74, 'Hampton Inn & Suites Buffalo Airport', '133 Buell Ave', 'Cheektowaga', 'NY', '14225', '0.00'),
(75, 'Tru by Hilton Portland Airport Area', '369 Maine Mall Rd', 'South Portland', 'ME', '04106', '0.00'),
(76, 'Best Western Concord Inn & Suites', '97 Hall St', 'Concord', 'NH', '03301', '0.00'),
(77, 'The Westin Copley Place, Boston', '10 Huntington Ave', 'Boston', 'MA', '02116', '0.00'),
(78, 'Graduate Providence', '11 Dorrance St', 'Providence', 'RI', '02903', '0.00'),
(79, 'Holiday Inn Hartford Downtown Area', '100 E River Dr', 'East Hartford', 'CT', '06108', '0.00'),
(80, 'Embassy Suites by Hilton Syracuse Destiny USA', '311 Hiawatha Blvd W', 'Syracuse', 'NY', '13204', '0.00'),
(81, 'Conrad New York', '102 North End Ave', 'New York', 'NY', '10282', '0.00');

-- --------------------------------------------------------

--
-- Table structure for table `reservations`
--

CREATE TABLE `reservations` (
  `resID` int(11) NOT NULL,
  `roomID` int(11) NOT NULL,
  `customerID` int(11) NOT NULL,
  `hotelID` int(11) NOT NULL,
  `start` date NOT NULL,
  `end` date NOT NULL,
  `length` int(11) NOT NULL
) ENGINE=InnoDB DEFAULT CHARSET=utf8;

--
-- Dumping data for table `reservations`
--

INSERT INTO `reservations` (`resID`, `roomID`, `customerID`, `hotelID`, `start`, `end`, `length`) VALUES
(1, 1, 1, 1, '2019-04-19', '2019-04-26', 7);

-- --------------------------------------------------------

--
-- Table structure for table `review`
--

CREATE TABLE `review` (
  `reviewID` int(11) NOT NULL,
  `customerID` int(11) NOT NULL,
  `hotelID` int(11) NOT NULL,
  `date` date NOT NULL,
  `rating` int(2) NOT NULL,
  `comment` text NOT NULL
) ENGINE=InnoDB DEFAULT CHARSET=utf8;

--
-- Dumping data for table `review`
--

INSERT INTO `review` (`reviewID`, `customerID`, `hotelID`, `date`, `rating`, `comment`) VALUES
(1, 53, 39, '2012-02-25', 5, ''),
(2, 31, 5, '2011-10-13', 6, ''),
(3, 37, 57, '2013-02-27', 5, ''),
(4, 3, 78, '2011-02-25', 7, ''),
(5, 16, 46, '2016-12-22', 10, ''),
(6, 1, 21, '2012-02-20', 3, ''),
(7, 19, 5, '2010-06-16', 3, ''),
(8, 54, 22, '2016-07-25', 4, ''),
(9, 5, 24, '2012-03-05', 3, ''),
(10, 9, 15, '2011-11-15', 5, '');

-- --------------------------------------------------------

--
-- Table structure for table `rooms`
--

CREATE TABLE `rooms` (
  `roomID` int(11) NOT NULL,
  `hotelID` int(11) NOT NULL,
  `typeID` int(11) NOT NULL,
  `num` int(11) DEFAULT NULL,
  `interiorpath` varchar(255) NOT NULL,
  `exteriorpath` varchar(255) NOT NULL
) ENGINE=InnoDB DEFAULT CHARSET=utf8;

--
-- Dumping data for table `rooms`
--

INSERT INTO `rooms` (`roomID`, `hotelID`, `typeID`, `num`, `interiorpath`, `exteriorpath`) VALUES
(1, 73, 5, 0, '', ''),
(2, 31, 8, 0, '', ''),
(3, 10, 8, 0, '', ''),
(4, 69, 4, 0, '', ''),
(5, 1, 2, 0, '', ''),
(6, 37, 11, 0, '', ''),
(7, 44, 9, 0, '', ''),
(8, 15, 7, 0, '', ''),
(9, 47, 1, 0, '', ''),
(10, 25, 6, 0, '', ''),
(11, 53, 8, 0, '', ''),
(12, 50, 11, 0, '', ''),
(13, 68, 4, 0, '', ''),
(14, 26, 6, 0, '', ''),
(15, 35, 8, 0, '', ''),
(16, 16, 10, 0, '', ''),
(17, 60, 2, 0, '', ''),
(18, 32, 7, 0, '', ''),
(19, 54, 7, 0, '', ''),
(20, 12, 10, 0, '', ''),
(21, 63, 4, 0, '', ''),
(22, 33, 11, 0, '', ''),
(24, 55, 2, NULL, '', ''),
(25, 80, 10, NULL, '', ''),
(26, 49, 3, NULL, '', ''),
(27, 45, 11, NULL, '', ''),
(28, 77, 11, NULL, '', ''),
(29, 1, 2, NULL, '', ''),
(30, 59, 2, NULL, '', ''),
(31, 57, 11, NULL, '', ''),
(32, 62, 10, NULL, '', ''),
(33, 11, 1, NULL, '', ''),
(34, 59, 7, NULL, '', ''),
(35, 51, 5, NULL, '', ''),
(36, 24, 2, NULL, '', ''),
(37, 68, 9, NULL, '', ''),
(38, 27, 4, NULL, '', ''),
(39, 50, 1, NULL, '', ''),
(40, 50, 10, NULL, '', ''),
(41, 21, 9, NULL, '', ''),
(42, 25, 1, NULL, '', ''),
(43, 37, 1, NULL, '', ''),
(44, 76, 6, NULL, '', ''),
(45, 46, 5, NULL, '', ''),
(46, 31, 7, NULL, '', ''),
(47, 80, 1, NULL, '', ''),
(48, 29, 7, NULL, '', ''),
(49, 60, 1, NULL, '', ''),
(50, 67, 2, NULL, '', ''),
(51, 4, 10, NULL, '', ''),
(52, 28, 1, NULL, '', ''),
(53, 16, 9, NULL, '', ''),
(54, 42, 2, NULL, '', ''),
(55, 8, 1, NULL, '', ''),
(56, 11, 5, NULL, '', ''),
(57, 56, 2, NULL, '', ''),
(58, 59, 2, NULL, '', ''),
(59, 54, 9, NULL, '', ''),
(60, 80, 6, NULL, '', ''),
(61, 62, 2, NULL, '', ''),
(62, 46, 4, NULL, '', ''),
(63, 64, 1, NULL, '', ''),
(64, 75, 5, NULL, '', ''),
(65, 24, 3, NULL, '', ''),
(66, 24, 9, NULL, '', ''),
(67, 79, 7, NULL, '', ''),
(68, 69, 6, NULL, '', ''),
(69, 17, 5, NULL, '', ''),
(70, 22, 3, NULL, '', ''),
(71, 27, 11, NULL, '', ''),
(72, 65, 2, NULL, '', ''),
(73, 23, 11, NULL, '', ''),
(74, 8, 6, NULL, '', ''),
(75, 29, 2, NULL, '', ''),
(76, 67, 7, NULL, '', ''),
(77, 38, 7, NULL, '', ''),
(78, 36, 6, NULL, '', ''),
(79, 16, 6, NULL, '', ''),
(80, 62, 5, NULL, '', ''),
(81, 54, 2, NULL, '', ''),
(82, 58, 2, NULL, '', ''),
(83, 40, 1, NULL, '', ''),
(84, 76, 5, NULL, '', ''),
(85, 28, 5, NULL, '', ''),
(86, 5, 1, NULL, '', ''),
(87, 5, 2, NULL, '', ''),
(88, 35, 9, NULL, '', ''),
(89, 44, 5, NULL, '', ''),
(90, 27, 6, NULL, '', ''),
(91, 39, 10, NULL, '', ''),
(92, 81, 4, NULL, '', ''),
(93, 49, 1, NULL, '', ''),
(94, 46, 7, NULL, '', ''),
(95, 23, 7, NULL, '', ''),
(96, 14, 1, NULL, '', ''),
(97, 51, 1, NULL, '', ''),
(98, 29, 7, NULL, '', ''),
(99, 9, 7, NULL, '', ''),
(100, 65, 2, NULL, '', ''),
(101, 16, 7, NULL, '', ''),
(102, 30, 1, NULL, '', ''),
(103, 17, 10, NULL, '', ''),
(104, 58, 11, NULL, '', ''),
(105, 51, 3, NULL, '', ''),
(106, 34, 4, NULL, '', ''),
(107, 20, 4, NULL, '', ''),
(108, 74, 7, NULL, '', ''),
(109, 9, 9, NULL, '', ''),
(110, 60, 3, NULL, '', ''),
(111, 76, 1, NULL, '', ''),
(112, 19, 2, NULL, '', ''),
(113, 71, 1, NULL, '', ''),
(114, 40, 4, NULL, '', ''),
(115, 27, 7, NULL, '', ''),
(116, 70, 7, NULL, '', ''),
(117, 25, 9, NULL, '', ''),
(118, 1, 8, NULL, '', ''),
(119, 43, 6, NULL, '', ''),
(120, 78, 4, NULL, '', ''),
(121, 42, 8, NULL, '', ''),
(122, 80, 9, NULL, '', ''),
(123, 11, 3, NULL, '', ''),
(124, 58, 10, NULL, '', ''),
(125, 23, 9, NULL, '', ''),
(126, 69, 1, NULL, '', ''),
(127, 53, 2, NULL, '', ''),
(128, 63, 5, NULL, '', ''),
(129, 57, 4, NULL, '', ''),
(130, 24, 8, NULL, '', ''),
(131, 26, 8, NULL, '', ''),
(132, 30, 10, NULL, '', ''),
(133, 14, 4, NULL, '', ''),
(134, 74, 8, NULL, '', ''),
(135, 64, 10, NULL, '', ''),
(136, 61, 4, NULL, '', ''),
(137, 17, 2, NULL, '', ''),
(138, 12, 3, NULL, '', ''),
(139, 64, 3, NULL, '', ''),
(140, 58, 10, NULL, '', ''),
(141, 33, 4, NULL, '', ''),
(142, 18, 3, NULL, '', ''),
(143, 44, 11, NULL, '', ''),
(144, 28, 8, NULL, '', ''),
(145, 45, 7, NULL, '', ''),
(146, 35, 4, NULL, '', ''),
(147, 12, 10, NULL, '', ''),
(148, 79, 2, NULL, '', ''),
(149, 81, 5, NULL, '', ''),
(150, 21, 11, NULL, '', ''),
(151, 65, 3, NULL, '', ''),
(152, 77, 10, NULL, '', ''),
(153, 53, 7, NULL, '', ''),
(154, 74, 9, NULL, '', ''),
(155, 28, 3, NULL, '', ''),
(156, 18, 4, NULL, '', ''),
(157, 7, 5, NULL, '', ''),
(158, 56, 3, NULL, '', ''),
(159, 15, 2, NULL, '', ''),
(160, 20, 9, NULL, '', ''),
(161, 77, 6, NULL, '', ''),
(162, 71, 8, NULL, '', ''),
(163, 74, 5, NULL, '', ''),
(164, 31, 7, NULL, '', ''),
(165, 80, 1, NULL, '', ''),
(166, 28, 6, NULL, '', ''),
(167, 46, 3, NULL, '', ''),
(168, 54, 6, NULL, '', ''),
(169, 35, 8, NULL, '', ''),
(170, 17, 11, NULL, '', ''),
(171, 7, 7, NULL, '', ''),
(172, 62, 1, NULL, '', ''),
(173, 62, 9, NULL, '', ''),
(174, 36, 11, NULL, '', ''),
(175, 51, 2, NULL, '', ''),
(176, 63, 6, NULL, '', ''),
(177, 6, 11, NULL, '', ''),
(178, 38, 6, NULL, '', ''),
(179, 7, 11, NULL, '', ''),
(180, 27, 11, NULL, '', ''),
(181, 49, 3, NULL, '', ''),
(182, 25, 10, NULL, '', ''),
(183, 41, 10, NULL, '', ''),
(184, 53, 9, NULL, '', ''),
(185, 70, 11, NULL, '', ''),
(186, 32, 11, NULL, '', ''),
(187, 50, 3, NULL, '', ''),
(188, 15, 4, NULL, '', ''),
(189, 75, 9, NULL, '', ''),
(190, 76, 5, NULL, '', ''),
(191, 34, 9, NULL, '', ''),
(192, 46, 6, NULL, '', ''),
(193, 68, 8, NULL, '', ''),
(194, 59, 8, NULL, '', ''),
(195, 17, 1, NULL, '', ''),
(196, 37, 3, NULL, '', ''),
(197, 62, 2, NULL, '', ''),
(198, 20, 10, NULL, '', ''),
(199, 65, 3, NULL, '', ''),
(200, 74, 9, NULL, '', ''),
(201, 3, 10, NULL, '', ''),
(202, 37, 6, NULL, '', ''),
(203, 17, 6, NULL, '', ''),
(204, 66, 7, NULL, '', ''),
(205, 38, 7, NULL, '', ''),
(206, 54, 5, NULL, '', ''),
(207, 24, 1, NULL, '', ''),
(208, 46, 7, NULL, '', ''),
(209, 5, 8, NULL, '', ''),
(210, 2, 3, NULL, '', ''),
(211, 71, 9, NULL, '', ''),
(212, 27, 4, NULL, '', ''),
(213, 41, 7, NULL, '', ''),
(214, 46, 11, NULL, '', ''),
(215, 11, 9, NULL, '', ''),
(216, 30, 7, NULL, '', ''),
(217, 66, 4, NULL, '', ''),
(218, 12, 9, NULL, '', ''),
(219, 40, 2, NULL, '', ''),
(220, 80, 8, NULL, '', ''),
(221, 27, 8, NULL, '', ''),
(222, 33, 11, NULL, '', ''),
(223, 59, 8, NULL, '', ''),
(224, 8, 6, NULL, '', ''),
(225, 19, 8, NULL, '', ''),
(226, 46, 10, NULL, '', ''),
(227, 49, 5, NULL, '', ''),
(228, 35, 9, NULL, '', ''),
(229, 60, 3, NULL, '', ''),
(230, 5, 6, NULL, '', ''),
(231, 30, 4, NULL, '', ''),
(232, 47, 10, NULL, '', ''),
(233, 38, 9, NULL, '', ''),
(234, 57, 1, NULL, '', ''),
(235, 81, 11, NULL, '', ''),
(236, 52, 5, NULL, '', ''),
(237, 6, 2, NULL, '', ''),
(238, 42, 2, NULL, '', ''),
(239, 12, 4, NULL, '', ''),
(240, 3, 4, NULL, '', ''),
(241, 27, 9, NULL, '', ''),
(242, 69, 11, NULL, '', ''),
(243, 22, 5, NULL, '', ''),
(244, 31, 7, NULL, '', ''),
(245, 54, 8, NULL, '', ''),
(246, 19, 3, NULL, '', ''),
(247, 32, 4, NULL, '', ''),
(248, 21, 5, NULL, '', ''),
(249, 29, 6, NULL, '', ''),
(250, 38, 9, NULL, '', ''),
(251, 45, 5, NULL, '', ''),
(252, 20, 1, NULL, '', ''),
(253, 52, 11, NULL, '', ''),
(254, 2, 2, NULL, '', ''),
(255, 48, 7, NULL, '', ''),
(256, 2, 5, NULL, '', ''),
(257, 4, 11, NULL, '', ''),
(258, 50, 3, NULL, '', ''),
(259, 25, 10, NULL, '', ''),
(260, 22, 9, NULL, '', ''),
(261, 19, 9, NULL, '', ''),
(262, 80, 8, NULL, '', ''),
(263, 48, 9, NULL, '', ''),
(264, 25, 1, NULL, '', ''),
(265, 34, 10, NULL, '', ''),
(266, 7, 9, NULL, '', ''),
(267, 69, 9, NULL, '', ''),
(268, 24, 2, NULL, '', ''),
(269, 70, 10, NULL, '', ''),
(270, 51, 7, NULL, '', ''),
(271, 9, 9, NULL, '', ''),
(272, 32, 8, NULL, '', ''),
(273, 33, 10, NULL, '', ''),
(274, 4, 8, NULL, '', ''),
(275, 21, 3, NULL, '', ''),
(276, 33, 4, NULL, '', ''),
(277, 35, 2, NULL, '', ''),
(278, 38, 10, NULL, '', ''),
(279, 71, 9, NULL, '', ''),
(280, 28, 4, NULL, '', ''),
(281, 58, 6, NULL, '', ''),
(282, 37, 8, NULL, '', ''),
(283, 15, 9, NULL, '', ''),
(284, 35, 9, NULL, '', ''),
(285, 44, 5, NULL, '', ''),
(286, 22, 3, NULL, '', ''),
(287, 14, 4, NULL, '', ''),
(288, 75, 8, NULL, '', ''),
(289, 71, 3, NULL, '', ''),
(290, 26, 1, NULL, '', ''),
(291, 10, 7, NULL, '', ''),
(292, 33, 5, NULL, '', ''),
(293, 50, 11, NULL, '', ''),
(294, 78, 11, NULL, '', ''),
(295, 61, 11, NULL, '', ''),
(296, 51, 3, NULL, '', ''),
(297, 15, 3, NULL, '', ''),
(298, 56, 8, NULL, '', ''),
(299, 34, 1, NULL, '', ''),
(300, 63, 10, NULL, '', ''),
(301, 1, 5, NULL, '', ''),
(302, 11, 4, NULL, '', ''),
(303, 28, 8, NULL, '', ''),
(304, 27, 8, NULL, '', ''),
(305, 22, 5, NULL, '', ''),
(306, 7, 4, NULL, '', ''),
(307, 18, 3, NULL, '', ''),
(308, 31, 3, NULL, '', ''),
(309, 19, 4, NULL, '', ''),
(310, 68, 3, NULL, '', ''),
(311, 65, 3, NULL, '', ''),
(312, 61, 1, NULL, '', ''),
(313, 6, 2, NULL, '', ''),
(314, 48, 5, NULL, '', ''),
(315, 36, 10, NULL, '', ''),
(316, 8, 9, NULL, '', ''),
(317, 65, 7, NULL, '', ''),
(318, 33, 4, NULL, '', ''),
(319, 38, 4, NULL, '', ''),
(320, 13, 10, NULL, '', ''),
(321, 60, 2, NULL, '', ''),
(322, 47, 5, NULL, '', ''),
(323, 17, 10, NULL, '', ''),
(324, 57, 10, NULL, '', ''),
(325, 35, 5, NULL, '', ''),
(326, 68, 11, NULL, '', ''),
(327, 7, 8, NULL, '', ''),
(328, 81, 1, NULL, '', ''),
(329, 6, 4, NULL, '', ''),
(330, 41, 6, NULL, '', ''),
(331, 69, 9, NULL, '', ''),
(332, 40, 1, NULL, '', ''),
(333, 62, 8, NULL, '', ''),
(334, 76, 8, NULL, '', ''),
(335, 68, 11, NULL, '', ''),
(336, 32, 1, NULL, '', ''),
(337, 80, 9, NULL, '', ''),
(338, 12, 3, NULL, '', ''),
(339, 71, 7, NULL, '', ''),
(340, 13, 2, NULL, '', ''),
(341, 9, 2, NULL, '', ''),
(342, 44, 2, NULL, '', ''),
(343, 18, 7, NULL, '', ''),
(344, 24, 8, NULL, '', ''),
(345, 46, 9, NULL, '', ''),
(346, 2, 10, NULL, '', ''),
(347, 18, 6, NULL, '', ''),
(348, 71, 10, NULL, '', ''),
(349, 61, 2, NULL, '', ''),
(350, 28, 5, NULL, '', ''),
(351, 65, 10, NULL, '', ''),
(352, 80, 3, NULL, '', ''),
(353, 35, 4, NULL, '', ''),
(354, 22, 5, NULL, '', ''),
(355, 19, 11, NULL, '', ''),
(356, 5, 5, NULL, '', ''),
(357, 2, 9, NULL, '', ''),
(358, 76, 3, NULL, '', ''),
(359, 37, 6, NULL, '', ''),
(360, 21, 8, NULL, '', ''),
(361, 53, 3, NULL, '', ''),
(362, 11, 1, NULL, '', ''),
(363, 56, 5, NULL, '', ''),
(364, 69, 2, NULL, '', ''),
(365, 75, 4, NULL, '', ''),
(366, 66, 2, NULL, '', ''),
(367, 8, 2, NULL, '', ''),
(368, 47, 4, NULL, '', ''),
(369, 1, 11, NULL, '', ''),
(370, 72, 6, NULL, '', ''),
(371, 58, 2, NULL, '', ''),
(372, 51, 8, NULL, '', ''),
(373, 32, 1, NULL, '', ''),
(374, 72, 5, NULL, '', ''),
(375, 18, 11, NULL, '', ''),
(376, 14, 11, NULL, '', ''),
(377, 10, 10, NULL, '', ''),
(378, 73, 10, NULL, '', ''),
(379, 67, 5, NULL, '', ''),
(380, 39, 3, NULL, '', ''),
(381, 55, 8, NULL, '', ''),
(382, 48, 9, NULL, '', ''),
(383, 5, 1, NULL, '', ''),
(384, 71, 4, NULL, '', ''),
(385, 77, 9, NULL, '', ''),
(386, 11, 4, NULL, '', ''),
(387, 6, 5, NULL, '', ''),
(388, 81, 8, NULL, '', ''),
(389, 25, 6, NULL, '', ''),
(390, 60, 2, NULL, '', ''),
(391, 23, 1, NULL, '', ''),
(392, 50, 9, NULL, '', ''),
(393, 9, 3, NULL, '', ''),
(394, 49, 6, NULL, '', ''),
(395, 40, 1, NULL, '', ''),
(396, 62, 8, NULL, '', ''),
(397, 2, 2, NULL, '', ''),
(398, 40, 2, NULL, '', ''),
(399, 16, 6, NULL, '', ''),
(400, 12, 1, NULL, '', ''),
(401, 79, 7, NULL, '', ''),
(402, 12, 10, NULL, '', ''),
(403, 76, 1, NULL, '', ''),
(404, 42, 4, NULL, '', ''),
(405, 18, 1, NULL, '', ''),
(406, 53, 1, NULL, '', ''),
(407, 26, 5, NULL, '', ''),
(408, 4, 1, NULL, '', ''),
(409, 79, 9, NULL, '', ''),
(410, 80, 7, NULL, '', ''),
(411, 4, 5, NULL, '', ''),
(412, 69, 1, NULL, '', ''),
(413, 52, 2, NULL, '', ''),
(414, 51, 9, NULL, '', ''),
(415, 9, 2, NULL, '', ''),
(416, 34, 8, NULL, '', ''),
(417, 81, 1, NULL, '', ''),
(418, 16, 10, NULL, '', ''),
(419, 60, 1, NULL, '', ''),
(420, 12, 6, NULL, '', ''),
(421, 12, 2, NULL, '', ''),
(422, 31, 5, NULL, '', ''),
(423, 64, 9, NULL, '', ''),
(424, 48, 6, NULL, '', ''),
(425, 79, 3, NULL, '', ''),
(426, 15, 3, NULL, '', ''),
(427, 50, 5, NULL, '', ''),
(428, 10, 5, NULL, '', ''),
(429, 58, 4, NULL, '', ''),
(430, 30, 11, NULL, '', ''),
(431, 46, 1, NULL, '', ''),
(432, 34, 1, NULL, '', ''),
(433, 71, 4, NULL, '', ''),
(434, 63, 1, NULL, '', ''),
(435, 75, 5, NULL, '', ''),
(436, 38, 11, NULL, '', ''),
(437, 46, 10, NULL, '', ''),
(438, 49, 5, NULL, '', ''),
(439, 26, 4, NULL, '', ''),
(440, 39, 7, NULL, '', ''),
(441, 28, 1, NULL, '', ''),
(442, 6, 3, NULL, '', ''),
(443, 13, 11, NULL, '', ''),
(444, 35, 3, NULL, '', ''),
(445, 58, 11, NULL, '', ''),
(446, 47, 1, NULL, '', ''),
(447, 51, 10, NULL, '', ''),
(448, 54, 7, NULL, '', ''),
(449, 78, 1, NULL, '', ''),
(450, 26, 6, NULL, '', ''),
(451, 30, 5, NULL, '', ''),
(452, 5, 1, NULL, '', ''),
(453, 73, 5, NULL, '', ''),
(454, 41, 3, NULL, '', ''),
(455, 34, 6, NULL, '', ''),
(456, 34, 6, NULL, '', ''),
(457, 10, 2, NULL, '', ''),
(458, 41, 1, NULL, '', ''),
(459, 44, 7, NULL, '', ''),
(460, 45, 10, NULL, '', ''),
(461, 54, 8, NULL, '', ''),
(462, 45, 8, NULL, '', ''),
(463, 48, 11, NULL, '', ''),
(464, 15, 11, NULL, '', ''),
(465, 8, 8, NULL, '', ''),
(466, 20, 1, NULL, '', ''),
(467, 50, 10, NULL, '', ''),
(468, 33, 6, NULL, '', ''),
(469, 9, 2, NULL, '', ''),
(470, 41, 11, NULL, '', ''),
(471, 38, 4, NULL, '', ''),
(472, 28, 7, NULL, '', ''),
(473, 14, 11, NULL, '', ''),
(474, 19, 4, NULL, '', ''),
(475, 74, 7, NULL, '', ''),
(476, 10, 10, NULL, '', ''),
(477, 3, 6, NULL, '', ''),
(478, 47, 4, NULL, '', ''),
(479, 57, 7, NULL, '', ''),
(480, 3, 4, NULL, '', ''),
(481, 29, 11, NULL, '', ''),
(482, 41, 9, NULL, '', ''),
(483, 25, 3, NULL, '', ''),
(484, 11, 1, NULL, '', ''),
(485, 69, 2, NULL, '', ''),
(486, 75, 4, NULL, '', ''),
(487, 62, 10, NULL, '', ''),
(488, 11, 1, NULL, '', ''),
(489, 58, 6, NULL, '', ''),
(490, 20, 9, NULL, '', ''),
(491, 17, 8, NULL, '', ''),
(492, 53, 4, NULL, '', ''),
(493, 37, 5, NULL, '', ''),
(494, 71, 11, NULL, '', ''),
(495, 30, 10, NULL, '', ''),
(496, 8, 11, NULL, '', ''),
(497, 40, 7, NULL, '', ''),
(498, 34, 4, NULL, '', ''),
(499, 45, 8, NULL, '', ''),
(500, 59, 7, NULL, '', ''),
(501, 53, 7, NULL, '', ''),
(502, 68, 6, NULL, '', ''),
(503, 7, 10, NULL, '', ''),
(504, 7, 9, NULL, '', ''),
(505, 58, 2, NULL, '', ''),
(506, 63, 4, NULL, '', ''),
(507, 32, 10, NULL, '', ''),
(508, 27, 11, NULL, '', ''),
(509, 64, 1, NULL, '', ''),
(510, 2, 10, NULL, '', ''),
(511, 13, 3, NULL, '', ''),
(512, 67, 4, NULL, '', ''),
(513, 22, 4, NULL, '', ''),
(514, 53, 4, NULL, '', ''),
(515, 70, 3, NULL, '', ''),
(516, 34, 6, NULL, '', ''),
(517, 8, 1, NULL, '', ''),
(518, 9, 4, NULL, '', ''),
(519, 16, 1, NULL, '', ''),
(520, 55, 3, NULL, '', ''),
(521, 6, 8, NULL, '', ''),
(522, 24, 4, NULL, '', ''),
(523, 76, 7, NULL, '', ''),
(524, 2, 5, NULL, '', ''),
(525, 75, 5, NULL, '', ''),
(526, 20, 1, NULL, '', ''),
(527, 33, 11, NULL, '', ''),
(528, 39, 7, NULL, '', ''),
(529, 41, 9, NULL, '', ''),
(530, 16, 8, NULL, '', ''),
(531, 2, 11, NULL, '', ''),
(532, 64, 1, NULL, '', ''),
(533, 55, 4, NULL, '', ''),
(534, 62, 8, NULL, '', ''),
(535, 25, 5, NULL, '', ''),
(536, 5, 1, NULL, '', ''),
(537, 17, 9, NULL, '', ''),
(538, 35, 8, NULL, '', ''),
(539, 21, 2, NULL, '', ''),
(540, 76, 3, NULL, '', ''),
(541, 34, 4, NULL, '', ''),
(542, 37, 3, NULL, '', ''),
(543, 79, 1, NULL, '', ''),
(544, 16, 10, NULL, '', ''),
(545, 77, 1, NULL, '', ''),
(546, 22, 4, NULL, '', ''),
(547, 49, 2, NULL, '', ''),
(548, 80, 5, NULL, '', ''),
(549, 20, 10, NULL, '', ''),
(550, 58, 10, NULL, '', ''),
(551, 33, 4, NULL, '', ''),
(552, 15, 1, NULL, '', ''),
(553, 64, 9, NULL, '', ''),
(554, 26, 5, NULL, '', ''),
(555, 81, 9, NULL, '', ''),
(556, 3, 9, NULL, '', ''),
(557, 51, 10, NULL, '', ''),
(558, 51, 5, NULL, '', ''),
(559, 17, 9, NULL, '', ''),
(560, 24, 2, NULL, '', ''),
(561, 57, 2, NULL, '', ''),
(562, 56, 11, NULL, '', ''),
(563, 52, 5, NULL, '', ''),
(564, 79, 9, NULL, '', ''),
(565, 62, 7, NULL, '', ''),
(566, 46, 2, NULL, '', ''),
(567, 76, 4, NULL, '', ''),
(568, 59, 8, NULL, '', ''),
(569, 25, 5, NULL, '', ''),
(570, 26, 3, NULL, '', ''),
(571, 24, 8, NULL, '', ''),
(572, 51, 1, NULL, '', ''),
(573, 16, 11, NULL, '', ''),
(574, 2, 4, NULL, '', ''),
(575, 57, 5, NULL, '', ''),
(576, 7, 1, NULL, '', ''),
(577, 15, 8, NULL, '', ''),
(578, 65, 11, NULL, '', ''),
(579, 30, 11, NULL, '', ''),
(580, 68, 3, NULL, '', ''),
(581, 45, 2, NULL, '', ''),
(582, 1, 8, NULL, '', ''),
(583, 19, 2, NULL, '', ''),
(584, 19, 7, NULL, '', ''),
(585, 15, 3, NULL, '', ''),
(586, 35, 6, NULL, '', ''),
(587, 36, 7, NULL, '', ''),
(588, 43, 11, NULL, '', ''),
(589, 10, 9, NULL, '', ''),
(590, 29, 7, NULL, '', ''),
(591, 59, 11, NULL, '', ''),
(592, 49, 2, NULL, '', ''),
(593, 75, 2, NULL, '', ''),
(594, 80, 5, NULL, '', ''),
(595, 25, 2, NULL, '', ''),
(596, 81, 5, NULL, '', ''),
(597, 14, 6, NULL, '', ''),
(598, 10, 1, NULL, '', ''),
(599, 66, 11, NULL, '', ''),
(600, 24, 8, NULL, '', ''),
(601, 27, 8, NULL, '', ''),
(602, 43, 7, NULL, '', ''),
(603, 12, 1, NULL, '', ''),
(604, 75, 5, NULL, '', ''),
(605, 11, 6, NULL, '', ''),
(606, 17, 6, NULL, '', ''),
(607, 65, 6, NULL, '', ''),
(608, 21, 8, NULL, '', ''),
(609, 53, 3, NULL, '', ''),
(610, 2, 6, NULL, '', ''),
(611, 46, 3, NULL, '', ''),
(612, 41, 9, NULL, '', ''),
(613, 28, 5, NULL, '', ''),
(614, 77, 7, NULL, '', ''),
(615, 79, 2, NULL, '', ''),
(616, 77, 3, NULL, '', ''),
(617, 8, 11, NULL, '', ''),
(618, 32, 2, NULL, '', ''),
(619, 37, 10, NULL, '', ''),
(620, 3, 6, NULL, '', ''),
(621, 45, 3, NULL, '', ''),
(622, 22, 9, NULL, '', ''),
(623, 13, 5, NULL, '', ''),
(624, 33, 10, NULL, '', ''),
(625, 16, 4, NULL, '', ''),
(626, 8, 5, NULL, '', ''),
(627, 80, 6, NULL, '', ''),
(628, 59, 1, NULL, '', ''),
(629, 4, 2, NULL, '', ''),
(630, 30, 6, NULL, '', ''),
(631, 38, 9, NULL, '', ''),
(632, 47, 6, NULL, '', ''),
(633, 57, 1, NULL, '', ''),
(634, 11, 6, NULL, '', ''),
(635, 18, 6, NULL, '', ''),
(636, 3, 6, NULL, '', ''),
(637, 44, 2, NULL, '', ''),
(638, 71, 1, NULL, '', ''),
(639, 65, 8, NULL, '', ''),
(640, 17, 10, NULL, '', ''),
(641, 67, 6, NULL, '', ''),
(642, 67, 9, NULL, '', ''),
(643, 22, 1, NULL, '', ''),
(644, 49, 9, NULL, '', ''),
(645, 7, 1, NULL, '', ''),
(646, 15, 7, NULL, '', ''),
(647, 46, 11, NULL, '', ''),
(648, 4, 5, NULL, '', ''),
(649, 67, 11, NULL, '', ''),
(650, 10, 10, NULL, '', ''),
(651, 75, 1, NULL, '', ''),
(652, 31, 9, NULL, '', ''),
(653, 67, 9, NULL, '', ''),
(654, 29, 6, NULL, '', ''),
(655, 26, 2, NULL, '', ''),
(656, 71, 10, NULL, '', ''),
(657, 49, 6, NULL, '', ''),
(658, 40, 2, NULL, '', ''),
(659, 81, 8, NULL, '', ''),
(660, 29, 9, NULL, '', ''),
(661, 62, 6, NULL, '', ''),
(662, 24, 11, NULL, '', ''),
(663, 57, 9, NULL, '', ''),
(664, 60, 5, NULL, '', ''),
(665, 55, 3, NULL, '', ''),
(666, 15, 2, NULL, '', ''),
(667, 23, 10, NULL, '', ''),
(668, 57, 9, NULL, '', ''),
(669, 61, 5, NULL, '', ''),
(670, 74, 3, NULL, '', ''),
(671, 46, 1, NULL, '', ''),
(672, 46, 8, NULL, '', ''),
(673, 53, 3, NULL, '', ''),
(674, 15, 3, NULL, '', ''),
(675, 58, 9, NULL, '', ''),
(676, 59, 4, NULL, '', ''),
(677, 25, 8, NULL, '', ''),
(678, 27, 8, NULL, '', ''),
(679, 31, 10, NULL, '', ''),
(680, 26, 10, NULL, '', ''),
(681, 47, 2, NULL, '', ''),
(682, 7, 11, NULL, '', ''),
(683, 36, 5, NULL, '', ''),
(684, 53, 1, NULL, '', ''),
(685, 25, 5, NULL, '', ''),
(686, 76, 6, NULL, '', ''),
(687, 74, 11, NULL, '', ''),
(688, 74, 9, NULL, '', ''),
(689, 9, 3, NULL, '', ''),
(690, 58, 11, NULL, '', ''),
(691, 40, 8, NULL, '', ''),
(692, 2, 1, NULL, '', ''),
(693, 78, 9, NULL, '', ''),
(694, 7, 1, NULL, '', ''),
(695, 74, 5, NULL, '', ''),
(696, 36, 10, NULL, '', ''),
(697, 19, 5, NULL, '', ''),
(698, 22, 2, NULL, '', ''),
(699, 5, 9, NULL, '', ''),
(700, 52, 10, NULL, '', ''),
(701, 47, 3, NULL, '', ''),
(702, 22, 9, NULL, '', ''),
(703, 72, 3, NULL, '', ''),
(704, 36, 6, NULL, '', ''),
(705, 30, 3, NULL, '', ''),
(706, 71, 9, NULL, '', ''),
(707, 18, 9, NULL, '', ''),
(708, 23, 1, NULL, '', ''),
(709, 36, 1, NULL, '', ''),
(710, 69, 2, NULL, '', ''),
(711, 8, 2, NULL, '', ''),
(712, 22, 11, NULL, '', ''),
(713, 8, 6, NULL, '', ''),
(714, 24, 11, NULL, '', ''),
(715, 68, 4, NULL, '', ''),
(716, 6, 5, NULL, '', ''),
(717, 65, 9, NULL, '', ''),
(718, 41, 2, NULL, '', ''),
(719, 30, 4, NULL, '', ''),
(720, 33, 2, NULL, '', ''),
(721, 38, 10, NULL, '', ''),
(722, 5, 8, NULL, '', ''),
(723, 3, 3, NULL, '', ''),
(724, 12, 11, NULL, '', ''),
(725, 39, 5, NULL, '', ''),
(726, 48, 9, NULL, '', ''),
(727, 77, 6, NULL, '', ''),
(728, 51, 8, NULL, '', ''),
(729, 35, 2, NULL, '', ''),
(730, 29, 5, NULL, '', ''),
(731, 74, 4, NULL, '', ''),
(732, 4, 3, NULL, '', ''),
(733, 63, 4, NULL, '', ''),
(734, 10, 8, NULL, '', ''),
(735, 22, 2, NULL, '', ''),
(736, 80, 6, NULL, '', ''),
(737, 28, 4, NULL, '', ''),
(738, 39, 6, NULL, '', ''),
(739, 10, 1, NULL, '', ''),
(740, 67, 11, NULL, '', ''),
(741, 44, 8, NULL, '', ''),
(742, 76, 6, NULL, '', ''),
(743, 72, 9, NULL, '', ''),
(744, 23, 1, NULL, '', ''),
(745, 35, 11, NULL, '', ''),
(746, 37, 5, NULL, '', ''),
(747, 68, 10, NULL, '', ''),
(748, 53, 9, NULL, '', ''),
(749, 64, 8, NULL, '', ''),
(750, 6, 4, NULL, '', ''),
(751, 23, 6, NULL, '', ''),
(752, 52, 8, NULL, '', ''),
(753, 44, 8, NULL, '', ''),
(754, 46, 11, NULL, '', ''),
(755, 70, 7, NULL, '', ''),
(756, 22, 7, NULL, '', ''),
(757, 30, 10, NULL, '', ''),
(758, 33, 4, NULL, '', ''),
(759, 34, 2, NULL, '', ''),
(760, 25, 2, NULL, '', ''),
(761, 72, 11, NULL, '', ''),
(762, 14, 11, NULL, '', ''),
(763, 24, 7, NULL, '', ''),
(764, 72, 9, NULL, '', ''),
(765, 20, 10, NULL, '', ''),
(766, 45, 3, NULL, '', ''),
(767, 29, 2, NULL, '', ''),
(768, 63, 4, NULL, '', ''),
(769, 40, 4, NULL, '', ''),
(770, 24, 5, NULL, '', ''),
(771, 9, 4, NULL, '', ''),
(772, 36, 2, NULL, '', ''),
(773, 34, 7, NULL, '', ''),
(774, 67, 4, NULL, '', ''),
(775, 77, 10, NULL, '', ''),
(776, 48, 4, NULL, '', ''),
(777, 59, 8, NULL, '', ''),
(778, 31, 9, NULL, '', ''),
(779, 56, 2, NULL, '', ''),
(780, 51, 8, NULL, '', ''),
(781, 50, 11, NULL, '', ''),
(782, 7, 5, NULL, '', ''),
(783, 78, 6, NULL, '', ''),
(784, 45, 4, NULL, '', ''),
(785, 64, 1, NULL, '', ''),
(786, 77, 7, NULL, '', ''),
(787, 79, 2, NULL, '', ''),
(788, 69, 9, NULL, '', ''),
(789, 22, 1, NULL, '', ''),
(790, 44, 6, NULL, '', ''),
(791, 73, 11, NULL, '', ''),
(792, 5, 6, NULL, '', ''),
(793, 9, 2, NULL, '', ''),
(794, 37, 9, NULL, '', ''),
(795, 59, 2, NULL, '', ''),
(796, 47, 5, NULL, '', ''),
(797, 36, 10, NULL, '', ''),
(798, 6, 9, NULL, '', ''),
(799, 40, 3, NULL, '', ''),
(800, 44, 1, NULL, '', ''),
(801, 60, 6, NULL, '', ''),
(802, 24, 11, NULL, '', ''),
(803, 70, 5, NULL, '', ''),
(804, 51, 9, NULL, '', ''),
(805, 12, 4, NULL, '', ''),
(806, 6, 6, NULL, '', ''),
(807, 6, 11, NULL, '', ''),
(808, 61, 9, NULL, '', ''),
(809, 45, 6, NULL, '', ''),
(810, 61, 4, NULL, '', ''),
(811, 16, 2, NULL, '', ''),
(812, 1, 8, NULL, '', ''),
(813, 22, 5, NULL, '', ''),
(814, 3, 1, NULL, '', ''),
(815, 13, 7, NULL, '', ''),
(816, 56, 6, NULL, '', ''),
(817, 51, 6, NULL, '', ''),
(818, 49, 6, NULL, '', ''),
(819, 74, 11, NULL, '', ''),
(820, 73, 8, NULL, '', ''),
(821, 72, 3, NULL, '', ''),
(822, 49, 3, NULL, '', ''),
(823, 35, 5, NULL, '', ''),
(824, 50, 11, NULL, '', ''),
(825, 74, 8, NULL, '', ''),
(826, 66, 11, NULL, '', ''),
(827, 17, 3, NULL, '', ''),
(828, 38, 8, NULL, '', ''),
(829, 4, 2, NULL, '', ''),
(830, 49, 7, NULL, '', ''),
(831, 80, 3, NULL, '', ''),
(832, 26, 9, NULL, '', ''),
(833, 9, 2, NULL, '', ''),
(834, 21, 11, NULL, '', ''),
(835, 76, 10, NULL, '', ''),
(836, 33, 6, NULL, '', ''),
(837, 15, 6, NULL, '', ''),
(838, 69, 9, NULL, '', ''),
(839, 37, 10, NULL, '', ''),
(840, 4, 7, NULL, '', ''),
(841, 61, 1, NULL, '', ''),
(842, 66, 11, NULL, '', ''),
(843, 43, 8, NULL, '', ''),
(844, 61, 9, NULL, '', ''),
(845, 38, 2, NULL, '', ''),
(846, 10, 4, NULL, '', ''),
(847, 2, 4, NULL, '', ''),
(848, 30, 11, NULL, '', ''),
(849, 69, 3, NULL, '', ''),
(850, 51, 5, NULL, '', ''),
(851, 19, 10, NULL, '', ''),
(852, 63, 3, NULL, '', ''),
(853, 55, 9, NULL, '', ''),
(854, 72, 1, NULL, '', ''),
(855, 53, 1, NULL, '', ''),
(856, 35, 10, NULL, '', ''),
(857, 13, 2, NULL, '', ''),
(858, 11, 4, NULL, '', ''),
(859, 3, 4, NULL, '', ''),
(860, 38, 5, NULL, '', ''),
(861, 51, 10, NULL, '', ''),
(862, 42, 11, NULL, '', ''),
(863, 12, 11, NULL, '', ''),
(864, 12, 11, NULL, '', ''),
(865, 26, 8, NULL, '', ''),
(866, 56, 4, NULL, '', ''),
(867, 25, 8, NULL, '', ''),
(868, 44, 7, NULL, '', ''),
(869, 36, 5, NULL, '', ''),
(870, 43, 6, NULL, '', ''),
(871, 3, 7, NULL, '', ''),
(872, 78, 11, NULL, '', ''),
(873, 69, 5, NULL, '', ''),
(874, 38, 2, NULL, '', ''),
(875, 19, 9, NULL, '', ''),
(876, 19, 9, NULL, '', ''),
(877, 20, 10, NULL, '', ''),
(878, 35, 8, NULL, '', ''),
(879, 81, 11, NULL, '', ''),
(880, 81, 1, NULL, '', ''),
(881, 7, 4, NULL, '', ''),
(882, 34, 1, NULL, '', ''),
(883, 17, 9, NULL, '', ''),
(884, 9, 4, NULL, '', ''),
(885, 6, 6, NULL, '', ''),
(886, 37, 8, NULL, '', ''),
(887, 72, 6, NULL, '', ''),
(888, 55, 11, NULL, '', ''),
(889, 69, 4, NULL, '', ''),
(890, 12, 8, NULL, '', ''),
(891, 76, 8, NULL, '', ''),
(892, 48, 10, NULL, '', ''),
(893, 60, 11, NULL, '', ''),
(894, 53, 4, NULL, '', ''),
(895, 64, 10, NULL, '', ''),
(896, 10, 10, NULL, '', ''),
(897, 9, 10, NULL, '', ''),
(898, 77, 2, NULL, '', ''),
(899, 3, 8, NULL, '', ''),
(900, 10, 8, NULL, '', ''),
(901, 3, 2, NULL, '', ''),
(902, 41, 2, NULL, '', ''),
(903, 11, 4, NULL, '', ''),
(904, 7, 6, NULL, '', ''),
(905, 33, 5, NULL, '', ''),
(906, 66, 10, NULL, '', ''),
(907, 61, 3, NULL, '', ''),
(908, 70, 8, NULL, '', ''),
(909, 53, 4, NULL, '', ''),
(910, 52, 3, NULL, '', ''),
(911, 24, 9, NULL, '', ''),
(912, 63, 8, NULL, '', ''),
(913, 79, 10, NULL, '', ''),
(914, 44, 11, NULL, '', ''),
(915, 29, 9, NULL, '', ''),
(916, 1, 7, NULL, '', ''),
(917, 73, 9, NULL, '', ''),
(918, 79, 8, NULL, '', ''),
(919, 25, 7, NULL, '', ''),
(920, 1, 4, NULL, '', ''),
(921, 43, 8, NULL, '', ''),
(922, 71, 4, NULL, '', ''),
(923, 68, 4, NULL, '', ''),
(924, 74, 8, NULL, '', ''),
(925, 57, 5, NULL, '', ''),
(926, 7, 1, NULL, '', ''),
(927, 16, 8, NULL, '', ''),
(928, 70, 3, NULL, '', ''),
(929, 44, 1, NULL, '', ''),
(930, 44, 7, NULL, '', ''),
(931, 32, 2, NULL, '', ''),
(932, 45, 4, NULL, '', ''),
(933, 75, 8, NULL, '', ''),
(934, 48, 10, NULL, '', ''),
(935, 64, 3, NULL, '', ''),
(936, 52, 7, NULL, '', ''),
(937, 75, 10, NULL, '', ''),
(938, 59, 11, NULL, '', ''),
(939, 41, 8, NULL, '', ''),
(940, 72, 5, NULL, '', ''),
(941, 23, 3, NULL, '', ''),
(942, 23, 8, NULL, '', ''),
(943, 58, 5, NULL, '', ''),
(944, 10, 3, NULL, '', ''),
(945, 69, 6, NULL, '', ''),
(946, 1, 6, NULL, '', ''),
(947, 46, 3, NULL, '', ''),
(948, 46, 1, NULL, '', ''),
(949, 57, 3, NULL, '', ''),
(950, 5, 7, NULL, '', ''),
(951, 72, 7, NULL, '', ''),
(952, 15, 3, NULL, '', ''),
(953, 42, 11, NULL, '', ''),
(954, 15, 1, NULL, '', ''),
(955, 69, 11, NULL, '', ''),
(956, 33, 1, NULL, '', ''),
(957, 9, 4, NULL, '', ''),
(958, 35, 1, NULL, '', ''),
(959, 2, 11, NULL, '', ''),
(960, 43, 10, NULL, '', ''),
(961, 59, 1, NULL, '', ''),
(962, 78, 8, NULL, '', ''),
(963, 55, 3, NULL, '', ''),
(964, 12, 1, NULL, '', ''),
(965, 51, 1, NULL, '', ''),
(966, 42, 4, NULL, '', ''),
(967, 17, 11, NULL, '', ''),
(968, 25, 7, NULL, '', ''),
(969, 75, 10, NULL, '', ''),
(970, 60, 1, NULL, '', ''),
(971, 65, 11, NULL, '', ''),
(972, 33, 2, NULL, '', ''),
(973, 42, 2, NULL, '', ''),
(974, 10, 3, NULL, '', ''),
(975, 47, 4, NULL, '', ''),
(976, 74, 7, NULL, '', ''),
(977, 13, 1, NULL, '', ''),
(978, 51, 1, NULL, '', ''),
(979, 40, 3, NULL, '', ''),
(980, 60, 11, NULL, '', ''),
(981, 53, 4, NULL, '', ''),
(982, 49, 1, NULL, '', ''),
(983, 45, 7, NULL, '', ''),
(984, 9, 10, NULL, '', ''),
(985, 5, 7, NULL, '', ''),
(986, 2, 2, NULL, '', ''),
(987, 66, 6, NULL, '', ''),
(988, 18, 6, NULL, '', ''),
(989, 69, 8, NULL, '', ''),
(990, 4, 1, NULL, '', ''),
(991, 14, 8, NULL, '', ''),
(992, 65, 1, NULL, '', ''),
(993, 54, 3, NULL, '', ''),
(994, 23, 8, NULL, '', ''),
(995, 33, 1, NULL, '', ''),
(996, 6, 3, NULL, '', ''),
(997, 62, 3, NULL, '', ''),
(998, 63, 3, NULL, '', ''),
(999, 71, 8, NULL, '', ''),
(1000, 47, 11, NULL, '', ''),
(1001, 15, 11, NULL, '', ''),
(1002, 18, 3, NULL, '', ''),
(1003, 42, 10, NULL, '', ''),
(1004, 70, 8, NULL, '', ''),
(1005, 60, 8, NULL, '', ''),
(1006, 18, 1, NULL, '', ''),
(1007, 36, 2, NULL, '', ''),
(1008, 28, 4, NULL, '', ''),
(1009, 36, 4, NULL, '', ''),
(1010, 36, 2, NULL, '', ''),
(1011, 20, 10, NULL, '', ''),
(1012, 48, 4, NULL, '', ''),
(1013, 76, 8, NULL, '', ''),
(1014, 38, 5, NULL, '', ''),
(1015, 42, 5, NULL, '', ''),
(1016, 41, 3, NULL, '', ''),
(1017, 68, 5, NULL, '', ''),
(1018, 31, 9, NULL, '', ''),
(1019, 47, 8, NULL, '', ''),
(1020, 42, 7, NULL, '', ''),
(1021, 46, 11, NULL, '', ''),
(1022, 79, 1, NULL, '', ''),
(1023, 37, 1, NULL, '', ''),
(1024, 68, 1, NULL, '', ''),
(1025, 62, 8, NULL, '', ''),
(1026, 81, 1, NULL, '', ''),
(1027, 3, 2, NULL, '', ''),
(1028, 43, 4, NULL, '', ''),
(1029, 64, 2, NULL, '', ''),
(1030, 18, 8, NULL, '', ''),
(1031, 74, 5, NULL, '', ''),
(1032, 26, 5, NULL, '', ''),
(1033, 75, 6, NULL, '', ''),
(1034, 58, 1, NULL, '', ''),
(1035, 6, 3, NULL, '', ''),
(1036, 1, 4, NULL, '', ''),
(1037, 38, 5, NULL, '', ''),
(1038, 56, 2, NULL, '', ''),
(1039, 69, 8, NULL, '', ''),
(1040, 72, 4, NULL, '', ''),
(1041, 6, 4, NULL, '', ''),
(1042, 40, 5, NULL, '', ''),
(1043, 48, 8, NULL, '', ''),
(1044, 65, 10, NULL, '', ''),
(1045, 75, 1, NULL, '', ''),
(1046, 26, 6, NULL, '', ''),
(1047, 50, 6, NULL, '', ''),
(1048, 59, 2, NULL, '', ''),
(1049, 28, 5, NULL, '', ''),
(1050, 2, 10, NULL, '', ''),
(1051, 15, 5, NULL, '', ''),
(1052, 23, 4, NULL, '', ''),
(1053, 58, 7, NULL, '', ''),
(1054, 77, 10, NULL, '', ''),
(1055, 48, 4, NULL, '', ''),
(1056, 57, 7, NULL, '', ''),
(1057, 77, 10, NULL, '', ''),
(1058, 55, 8, NULL, '', ''),
(1059, 26, 7, NULL, '', ''),
(1060, 69, 6, NULL, '', ''),
(1061, 16, 4, NULL, '', ''),
(1062, 7, 5, NULL, '', ''),
(1063, 66, 9, NULL, '', ''),
(1064, 46, 5, NULL, '', ''),
(1065, 33, 9, NULL, '', ''),
(1066, 41, 4, NULL, '', ''),
(1067, 78, 10, NULL, '', ''),
(1068, 52, 6, NULL, '', ''),
(1069, 35, 9, NULL, '', ''),
(1070, 38, 1, NULL, '', ''),
(1071, 2, 10, NULL, '', ''),
(1072, 17, 5, NULL, '', ''),
(1073, 47, 7, NULL, '', ''),
(1074, 14, 2, NULL, '', ''),
(1075, 1, 8, NULL, '', ''),
(1076, 49, 10, NULL, '', ''),
(1077, 32, 5, NULL, '', ''),
(1078, 73, 3, NULL, '', ''),
(1079, 38, 8, NULL, '', ''),
(1080, 70, 4, NULL, '', ''),
(1081, 7, 5, NULL, '', ''),
(1082, 73, 3, NULL, '', ''),
(1083, 29, 2, NULL, '', ''),
(1084, 45, 5, NULL, '', ''),
(1085, 32, 8, NULL, '', ''),
(1086, 37, 1, NULL, '', ''),
(1087, 6, 2, NULL, '', ''),
(1088, 25, 3, NULL, '', ''),
(1089, 10, 11, NULL, '', ''),
(1090, 33, 2, NULL, '', ''),
(1091, 49, 6, NULL, '', ''),
(1092, 54, 10, NULL, '', ''),
(1093, 22, 9, NULL, '', ''),
(1094, 79, 7, NULL, '', ''),
(1095, 9, 9, NULL, '', ''),
(1096, 29, 7, NULL, '', ''),
(1097, 57, 10, NULL, '', ''),
(1098, 5, 9, NULL, '', ''),
(1099, 58, 3, NULL, '', ''),
(1100, 7, 8, NULL, '', ''),
(1101, 13, 8, NULL, '', ''),
(1102, 12, 7, NULL, '', ''),
(1103, 29, 1, NULL, '', ''),
(1104, 31, 7, NULL, '', ''),
(1105, 79, 1, NULL, '', ''),
(1106, 12, 8, NULL, '', ''),
(1107, 3, 1, NULL, '', ''),
(1108, 26, 4, NULL, '', ''),
(1109, 57, 6, NULL, '', ''),
(1110, 39, 10, NULL, '', ''),
(1111, 56, 11, NULL, '', ''),
(1112, 57, 8, NULL, '', ''),
(1113, 18, 1, NULL, '', ''),
(1114, 57, 3, NULL, '', ''),
(1115, 22, 6, NULL, '', ''),
(1116, 58, 1, NULL, '', ''),
(1117, 13, 7, NULL, '', ''),
(1118, 48, 2, NULL, '', ''),
(1119, 58, 3, NULL, '', ''),
(1120, 10, 10, NULL, '', ''),
(1121, 74, 11, NULL, '', ''),
(1122, 16, 1, NULL, '', ''),
(1123, 45, 8, NULL, '', ''),
(1124, 55, 4, NULL, '', ''),
(1125, 62, 9, NULL, '', ''),
(1126, 32, 9, NULL, '', ''),
(1127, 55, 1, NULL, '', ''),
(1128, 15, 9, NULL, '', ''),
(1129, 30, 6, NULL, '', ''),
(1130, 18, 8, NULL, '', ''),
(1131, 76, 6, NULL, '', ''),
(1132, 55, 10, NULL, '', ''),
(1133, 30, 2, NULL, '', ''),
(1134, 65, 6, NULL, '', ''),
(1135, 79, 5, NULL, '', ''),
(1136, 13, 6, NULL, '', ''),
(1137, 14, 3, NULL, '', ''),
(1138, 58, 9, NULL, '', ''),
(1139, 76, 3, NULL, '', ''),
(1140, 29, 1, NULL, '', ''),
(1141, 28, 5, NULL, '', ''),
(1142, 14, 6, NULL, '', ''),
(1143, 18, 5, NULL, '', ''),
(1144, 44, 5, NULL, '', ''),
(1145, 26, 5, NULL, '', ''),
(1146, 5, 2, NULL, '', ''),
(1147, 24, 3, NULL, '', ''),
(1148, 7, 10, NULL, '', ''),
(1149, 80, 5, NULL, '', ''),
(1150, 73, 5, NULL, '', ''),
(1151, 16, 10, NULL, '', ''),
(1152, 51, 7, NULL, '', ''),
(1153, 3, 5, NULL, '', ''),
(1154, 1, 9, NULL, '', ''),
(1155, 76, 4, NULL, '', ''),
(1156, 56, 7, NULL, '', ''),
(1157, 55, 8, NULL, '', ''),
(1158, 40, 4, NULL, '', ''),
(1159, 18, 2, NULL, '', ''),
(1160, 69, 11, NULL, '', ''),
(1161, 7, 8, NULL, '', ''),
(1162, 2, 2, NULL, '', ''),
(1163, 46, 5, NULL, '', ''),
(1164, 42, 3, NULL, '', ''),
(1165, 56, 8, NULL, '', ''),
(1166, 42, 5, NULL, '', ''),
(1167, 36, 1, NULL, '', ''),
(1168, 58, 6, NULL, '', ''),
(1169, 47, 3, NULL, '', ''),
(1170, 49, 3, NULL, '', ''),
(1171, 16, 4, NULL, '', ''),
(1172, 15, 10, NULL, '', ''),
(1173, 51, 7, NULL, '', ''),
(1174, 21, 5, NULL, '', ''),
(1175, 26, 4, NULL, '', ''),
(1176, 48, 1, NULL, '', ''),
(1177, 29, 8, NULL, '', ''),
(1178, 28, 8, NULL, '', ''),
(1179, 21, 4, NULL, '', ''),
(1180, 61, 10, NULL, '', ''),
(1181, 71, 10, NULL, '', ''),
(1182, 65, 4, NULL, '', ''),
(1183, 34, 11, NULL, '', ''),
(1184, 47, 11, NULL, '', ''),
(1185, 12, 9, NULL, '', ''),
(1186, 38, 11, NULL, '', ''),
(1187, 45, 9, NULL, '', ''),
(1188, 21, 11, NULL, '', ''),
(1189, 70, 6, NULL, '', ''),
(1190, 78, 3, NULL, '', ''),
(1191, 35, 4, NULL, '', ''),
(1192, 36, 2, NULL, '', ''),
(1193, 40, 11, NULL, '', ''),
(1194, 37, 4, NULL, '', ''),
(1195, 8, 7, NULL, '', ''),
(1196, 60, 10, NULL, '', ''),
(1197, 9, 11, NULL, '', ''),
(1198, 34, 3, NULL, '', ''),
(1199, 77, 1, NULL, '', ''),
(1200, 15, 10, NULL, '', ''),
(1201, 68, 7, NULL, '', ''),
(1202, 22, 8, NULL, '', ''),
(1203, 52, 2, NULL, '', ''),
(1204, 53, 11, NULL, '', ''),
(1205, 54, 6, NULL, '', ''),
(1206, 48, 5, NULL, '', ''),
(1207, 12, 7, NULL, '', ''),
(1208, 44, 10, NULL, '', ''),
(1209, 66, 5, NULL, '', ''),
(1210, 51, 10, NULL, '', ''),
(1211, 35, 7, NULL, '', ''),
(1212, 52, 5, NULL, '', ''),
(1213, 12, 6, NULL, '', ''),
(1214, 77, 4, NULL, '', ''),
(1215, 57, 7, NULL, '', ''),
(1216, 69, 6, NULL, '', ''),
(1217, 66, 7, NULL, '', ''),
(1218, 58, 8, NULL, '', ''),
(1219, 20, 2, NULL, '', ''),
(1220, 13, 3, NULL, '', ''),
(1221, 54, 8, NULL, '', ''),
(1222, 18, 2, NULL, '', ''),
(1223, 19, 7, NULL, '', ''),
(1224, 21, 6, NULL, '', ''),
(1225, 62, 4, NULL, '', ''),
(1226, 15, 1, NULL, '', ''),
(1227, 45, 8, NULL, '', ''),
(1228, 72, 4, NULL, '', ''),
(1229, 71, 5, NULL, '', ''),
(1230, 47, 7, NULL, '', ''),
(1231, 12, 11, NULL, '', ''),
(1232, 45, 9, NULL, '', ''),
(1233, 7, 2, NULL, '', ''),
(1234, 50, 6, NULL, '', ''),
(1235, 69, 7, NULL, '', ''),
(1236, 41, 8, NULL, '', ''),
(1237, 71, 4, NULL, '', ''),
(1238, 3, 2, NULL, '', ''),
(1239, 63, 4, NULL, '', ''),
(1240, 39, 4, NULL, '', ''),
(1241, 4, 4, NULL, '', ''),
(1242, 47, 10, NULL, '', ''),
(1243, 45, 3, NULL, '', ''),
(1244, 23, 10, NULL, '', ''),
(1245, 30, 4, NULL, '', ''),
(1246, 24, 8, NULL, '', ''),
(1247, 27, 8, NULL, '', ''),
(1248, 51, 11, NULL, '', ''),
(1249, 67, 4, NULL, '', ''),
(1250, 5, 4, NULL, '', ''),
(1251, 51, 1, NULL, '', ''),
(1252, 32, 9, NULL, '', ''),
(1253, 58, 3, NULL, '', ''),
(1254, 81, 4, NULL, '', ''),
(1255, 50, 2, NULL, '', ''),
(1256, 53, 11, NULL, '', ''),
(1257, 70, 5, NULL, '', ''),
(1258, 39, 2, NULL, '', ''),
(1259, 30, 4, NULL, '', ''),
(1260, 46, 10, NULL, '', ''),
(1261, 39, 10, NULL, '', ''),
(1262, 72, 10, NULL, '', ''),
(1263, 38, 10, NULL, '', ''),
(1264, 67, 7, NULL, '', ''),
(1265, 35, 5, NULL, '', ''),
(1266, 52, 1, NULL, '', ''),
(1267, 31, 8, NULL, '', ''),
(1268, 38, 2, NULL, '', ''),
(1269, 22, 11, NULL, '', ''),
(1270, 3, 3, NULL, '', ''),
(1271, 9, 9, NULL, '', ''),
(1272, 63, 5, NULL, '', ''),
(1273, 54, 2, NULL, '', ''),
(1274, 56, 1, NULL, '', ''),
(1275, 13, 8, NULL, '', ''),
(1276, 60, 9, NULL, '', ''),
(1277, 43, 5, NULL, '', ''),
(1278, 26, 5, NULL, '', ''),
(1279, 26, 3, NULL, '', ''),
(1280, 16, 3, NULL, '', ''),
(1281, 55, 7, NULL, '', ''),
(1282, 5, 5, NULL, '', ''),
(1283, 80, 8, NULL, '', ''),
(1284, 19, 3, NULL, '', ''),
(1285, 40, 8, NULL, '', ''),
(1286, 12, 7, NULL, '', ''),
(1287, 31, 3, NULL, '', ''),
(1288, 73, 10, NULL, '', ''),
(1289, 41, 11, NULL, '', ''),
(1290, 33, 1, NULL, '', ''),
(1291, 16, 8, NULL, '', ''),
(1292, 80, 9, NULL, '', ''),
(1293, 1, 8, NULL, '', ''),
(1294, 15, 1, NULL, '', ''),
(1295, 40, 5, NULL, '', ''),
(1296, 53, 11, NULL, '', ''),
(1297, 80, 11, NULL, '', ''),
(1298, 62, 11, NULL, '', ''),
(1299, 56, 5, NULL, '', ''),
(1300, 15, 7, NULL, '', ''),
(1301, 27, 10, NULL, '', ''),
(1302, 45, 1, NULL, '', ''),
(1303, 44, 7, NULL, '', ''),
(1304, 29, 11, NULL, '', ''),
(1305, 67, 2, NULL, '', ''),
(1306, 26, 2, NULL, '', ''),
(1307, 47, 7, NULL, '', ''),
(1308, 12, 11, NULL, '', ''),
(1309, 45, 9, NULL, '', ''),
(1310, 17, 8, NULL, '', ''),
(1311, 79, 8, NULL, '', ''),
(1312, 51, 11, NULL, '', ''),
(1313, 3, 3, NULL, '', ''),
(1314, 77, 2, NULL, '', ''),
(1315, 63, 6, NULL, '', ''),
(1316, 14, 4, NULL, '', ''),
(1317, 19, 1, NULL, '', ''),
(1318, 62, 6, NULL, '', ''),
(1319, 33, 5, NULL, '', ''),
(1320, 62, 7, NULL, '', ''),
(1321, 72, 6, NULL, '', ''),
(1322, 71, 10, NULL, '', ''),
(1323, 57, 11, NULL, '', ''),
(1324, 36, 6, NULL, '', ''),
(1325, 10, 2, NULL, '', ''),
(1326, 21, 10, NULL, '', ''),
(1327, 61, 1, NULL, '', ''),
(1328, 66, 1, NULL, '', ''),
(1329, 50, 1, NULL, '', ''),
(1330, 25, 5, NULL, '', ''),
(1331, 17, 9, NULL, '', ''),
(1332, 23, 1, NULL, '', ''),
(1333, 33, 10, NULL, '', ''),
(1334, 6, 9, NULL, '', ''),
(1335, 66, 7, NULL, '', ''),
(1336, 60, 9, NULL, '', ''),
(1337, 47, 7, NULL, '', ''),
(1338, 23, 7, NULL, '', ''),
(1339, 10, 10, NULL, '', ''),
(1340, 66, 7, NULL, '', ''),
(1341, 30, 2, NULL, '', ''),
(1342, 46, 5, NULL, '', ''),
(1343, 32, 8, NULL, '', ''),
(1344, 29, 7, NULL, '', ''),
(1345, 8, 7, NULL, '', ''),
(1346, 54, 7, NULL, '', ''),
(1347, 63, 3, NULL, '', ''),
(1348, 61, 1, NULL, '', ''),
(1349, 13, 7, NULL, '', ''),
(1350, 27, 11, NULL, '', ''),
(1351, 65, 2, NULL, '', ''),
(1352, 19, 9, NULL, '', ''),
(1353, 13, 6, NULL, '', ''),
(1354, 76, 3, NULL, '', ''),
(1355, 30, 2, NULL, '', ''),
(1356, 38, 1, NULL, '', ''),
(1357, 53, 3, NULL, '', ''),
(1358, 8, 10, NULL, '', ''),
(1359, 80, 5, NULL, '', ''),
(1360, 71, 3, NULL, '', ''),
(1361, 57, 8, NULL, '', ''),
(1362, 37, 2, NULL, '', ''),
(1363, 26, 2, NULL, '', ''),
(1364, 77, 3, NULL, '', ''),
(1365, 7, 10, NULL, '', ''),
(1366, 12, 1, NULL, '', ''),
(1367, 75, 5, NULL, '', ''),
(1368, 23, 2, NULL, '', ''),
(1369, 70, 10, NULL, '', ''),
(1370, 75, 10, NULL, '', ''),
(1371, 51, 6, NULL, '', ''),
(1372, 47, 5, NULL, '', ''),
(1373, 28, 5, NULL, '', ''),
(1374, 15, 7, NULL, '', ''),
(1375, 41, 8, NULL, '', ''),
(1376, 63, 10, NULL, '', ''),
(1377, 17, 4, NULL, '', ''),
(1378, 2, 2, NULL, '', ''),
(1379, 35, 10, NULL, '', ''),
(1380, 75, 1, NULL, '', ''),
(1381, 47, 8, NULL, '', ''),
(1382, 46, 10, NULL, '', ''),
(1383, 43, 2, NULL, '', ''),
(1384, 75, 4, NULL, '', ''),
(1385, 59, 8, NULL, '', ''),
(1386, 34, 11, NULL, '', ''),
(1387, 28, 11, NULL, '', ''),
(1388, 57, 8, NULL, '', ''),
(1389, 24, 5, NULL, '', ''),
(1390, 10, 5, NULL, '', ''),
(1391, 58, 4, NULL, '', ''),
(1392, 30, 11, NULL, '', ''),
(1393, 51, 4, NULL, '', ''),
(1394, 41, 8, NULL, '', ''),
(1395, 81, 10, NULL, '', ''),
(1396, 21, 8, NULL, '', ''),
(1397, 66, 11, NULL, '', ''),
(1398, 15, 2, NULL, '', ''),
(1399, 15, 6, NULL, '', ''),
(1400, 62, 5, NULL, '', ''),
(1401, 69, 11, NULL, '', ''),
(1402, 15, 2, NULL, '', ''),
(1403, 75, 4, NULL, '', ''),
(1404, 57, 7, NULL, '', ''),
(1405, 1, 2, NULL, '', ''),
(1406, 69, 9, NULL, '', ''),
(1407, 9, 4, NULL, '', ''),
(1408, 29, 9, NULL, '', ''),
(1409, 61, 6, NULL, '', ''),
(1410, 8, 1, NULL, '', ''),
(1411, 75, 6, NULL, '', ''),
(1412, 52, 9, NULL, '', ''),
(1413, 68, 11, NULL, '', ''),
(1414, 16, 2, NULL, '', ''),
(1415, 9, 2, NULL, '', ''),
(1416, 30, 5, NULL, '', ''),
(1417, 4, 10, NULL, '', ''),
(1418, 32, 3, NULL, '', ''),
(1419, 81, 4, NULL, '', ''),
(1420, 34, 3, NULL, '', ''),
(1421, 69, 7, NULL, '', ''),
(1422, 33, 3, NULL, '', ''),
(1423, 77, 1, NULL, '', ''),
(1424, 21, 3, NULL, '', ''),
(1425, 28, 1, NULL, '', ''),
(1426, 7, 4, NULL, '', ''),
(1427, 35, 2, NULL, '', ''),
(1428, 34, 8, NULL, '', ''),
(1429, 10, 7, NULL, '', ''),
(1430, 46, 1, NULL, '', ''),
(1431, 39, 4, NULL, '', ''),
(1432, 2, 3, NULL, '', ''),
(1433, 8, 9, NULL, '', ''),
(1434, 39, 2, NULL, '', ''),
(1435, 15, 6, NULL, '', ''),
(1436, 8, 10, NULL, '', ''),
(1437, 20, 6, NULL, '', ''),
(1438, 53, 10, NULL, '', ''),
(1439, 19, 8, NULL, '', ''),
(1440, 43, 8, NULL, '', ''),
(1441, 70, 3, NULL, '', ''),
(1442, 49, 4, NULL, '', ''),
(1443, 57, 7, NULL, '', ''),
(1444, 64, 3, NULL, '', ''),
(1445, 62, 2, NULL, '', ''),
(1446, 23, 1, NULL, '', ''),
(1447, 31, 9, NULL, '', ''),
(1448, 50, 10, NULL, '', ''),
(1449, 24, 11, NULL, '', ''),
(1450, 1, 1, NULL, '', ''),
(1451, 36, 10, NULL, '', ''),
(1452, 17, 4, NULL, '', ''),
(1453, 2, 2, NULL, '', ''),
(1454, 41, 2, NULL, '', ''),
(1455, 19, 8, NULL, '', ''),
(1456, 64, 10, NULL, '', ''),
(1457, 64, 6, NULL, '', ''),
(1458, 80, 6, NULL, '', ''),
(1459, 49, 6, NULL, '', ''),
(1460, 51, 8, NULL, '', ''),
(1461, 39, 4, NULL, '', ''),
(1462, 29, 8, NULL, '', ''),
(1463, 29, 8, NULL, '', ''),
(1464, 45, 7, NULL, '', ''),
(1465, 15, 3, NULL, '', ''),
(1466, 47, 3, NULL, '', ''),
(1467, 28, 1, NULL, '', ''),
(1468, 29, 6, NULL, '', ''),
(1469, 52, 7, NULL, '', ''),
(1470, 80, 3, NULL, '', ''),
(1471, 79, 3, NULL, '', ''),
(1472, 36, 5, NULL, '', ''),
(1473, 59, 5, NULL, '', ''),
(1474, 61, 7, NULL, '', ''),
(1475, 58, 9, NULL, '', ''),
(1476, 61, 5, NULL, '', ''),
(1477, 70, 1, NULL, '', ''),
(1478, 48, 9, NULL, '', ''),
(1479, 24, 1, NULL, '', ''),
(1480, 31, 8, NULL, '', ''),
(1481, 33, 10, NULL, '', ''),
(1482, 20, 6, NULL, '', ''),
(1483, 80, 4, NULL, '', ''),
(1484, 37, 5, NULL, '', ''),
(1485, 67, 9, NULL, '', ''),
(1486, 38, 11, NULL, '', ''),
(1487, 27, 10, NULL, '', ''),
(1488, 13, 4, NULL, '', ''),
(1489, 78, 11, NULL, '', ''),
(1490, 59, 10, NULL, '', ''),
(1491, 13, 2, NULL, '', ''),
(1492, 27, 2, NULL, '', ''),
(1493, 65, 6, NULL, '', ''),
(1494, 21, 8, NULL, '', ''),
(1495, 51, 1, NULL, '', ''),
(1496, 44, 5, NULL, '', ''),
(1497, 41, 3, NULL, '', ''),
(1498, 59, 10, NULL, '', ''),
(1499, 13, 3, NULL, '', ''),
(1500, 47, 3, NULL, '', ''),
(1501, 33, 4, NULL, '', ''),
(1502, 48, 10, NULL, '', ''),
(1503, 47, 3, NULL, '', ''),
(1504, 52, 4, NULL, '', ''),
(1505, 68, 2, NULL, '', ''),
(1506, 8, 2, NULL, '', ''),
(1507, 25, 2, NULL, '', ''),
(1508, 78, 4, NULL, '', ''),
(1509, 42, 9, NULL, '', ''),
(1510, 13, 6, NULL, '', ''),
(1511, 19, 6, NULL, '', ''),
(1512, 77, 2, NULL, '', ''),
(1513, 65, 7, NULL, '', ''),
(1514, 52, 4, NULL, '', ''),
(1515, 69, 2, NULL, '', ''),
(1516, 25, 1, NULL, '', ''),
(1517, 21, 2, NULL, '', ''),
(1518, 2, 7, NULL, '', ''),
(1519, 6, 5, NULL, '', ''),
(1520, 5, 10, NULL, '', ''),
(1521, 31, 2, NULL, '', ''),
(1522, 49, 7, NULL, '', ''),
(1523, 78, 2, NULL, '', ''),
(1524, 71, 10, NULL, '', ''),
(1525, 69, 7, NULL, '', ''),
(1526, 21, 7, NULL, '', ''),
(1527, 26, 8, NULL, '', ''),
(1528, 49, 10, NULL, '', ''),
(1529, 38, 9, NULL, '', ''),
(1530, 34, 9, NULL, '', ''),
(1531, 55, 1, NULL, '', ''),
(1532, 4, 3, NULL, '', ''),
(1533, 66, 6, NULL, '', ''),
(1534, 80, 5, NULL, '', ''),
(1535, 26, 3, NULL, '', ''),
(1536, 23, 8, NULL, '', ''),
(1537, 38, 4, NULL, '', ''),
(1538, 15, 11, NULL, '', ''),
(1539, 21, 5, NULL, '', ''),
(1540, 26, 4, NULL, '', ''),
(1541, 60, 8, NULL, '', ''),
(1542, 15, 10, NULL, '', ''),
(1543, 57, 11, NULL, '', ''),
(1544, 48, 2, NULL, '', ''),
(1545, 70, 11, NULL, '', ''),
(1546, 7, 7, NULL, '', ''),
(1547, 69, 4, NULL, '', ''),
(1548, 22, 3, NULL, '', ''),
(1549, 33, 4, NULL, '', ''),
(1550, 21, 5, NULL, '', ''),
(1551, 26, 4, NULL, '', ''),
(1552, 45, 10, NULL, '', ''),
(1553, 62, 2, NULL, '', ''),
(1554, 29, 5, NULL, '', ''),
(1555, 75, 5, NULL, '', ''),
(1556, 17, 10, NULL, '', ''),
(1557, 59, 1, NULL, '', ''),
(1558, 68, 3, NULL, '', ''),
(1559, 34, 6, NULL, '', ''),
(1560, 28, 2, NULL, '', ''),
(1561, 60, 3, NULL, '', ''),
(1562, 74, 10, NULL, '', ''),
(1563, 48, 4, NULL, '', ''),
(1564, 2, 1, NULL, '', ''),
(1565, 79, 10, NULL, '', ''),
(1566, 24, 11, NULL, '', ''),
(1567, 73, 7, NULL, '', ''),
(1568, 20, 5, NULL, '', ''),
(1569, 40, 2, NULL, '', ''),
(1570, 19, 9, NULL, '', ''),
(1571, 78, 7, NULL, '', ''),
(1572, 80, 3, NULL, '', ''),
(1573, 17, 4, NULL, '', ''),
(1574, 81, 11, NULL, '', ''),
(1575, 2, 2, NULL, '', ''),
(1576, 37, 11, NULL, '', ''),
(1577, 32, 2, NULL, '', ''),
(1578, 33, 8, NULL, '', ''),
(1579, 7, 5, NULL, '', ''),
(1580, 78, 6, NULL, '', ''),
(1581, 44, 3, NULL, '', ''),
(1582, 46, 2, NULL, '', ''),
(1583, 70, 11, NULL, '', ''),
(1584, 18, 3, NULL, '', ''),
(1585, 37, 7, NULL, '', ''),
(1586, 55, 6, NULL, '', ''),
(1587, 55, 9, NULL, '', ''),
(1588, 64, 7, NULL, '', ''),
(1589, 59, 9, NULL, '', ''),
(1590, 62, 5, NULL, '', ''),
(1591, 79, 6, NULL, '', ''),
(1592, 48, 5, NULL, '', ''),
(1593, 26, 4, NULL, '', ''),
(1594, 66, 11, NULL, '', ''),
(1595, 33, 2, NULL, '', ''),
(1596, 40, 1, NULL, '', ''),
(1597, 55, 3, NULL, '', ''),
(1598, 21, 6, NULL, '', ''),
(1599, 66, 6, NULL, '', ''),
(1600, 13, 3, NULL, '', ''),
(1601, 59, 10, NULL, '', ''),
(1602, 21, 8, NULL, '', ''),
(1603, 34, 2, NULL, '', ''),
(1604, 49, 6, NULL, '', ''),
(1605, 58, 1, NULL, '', ''),
(1606, 81, 10, NULL, '', ''),
(1607, 35, 6, NULL, '', ''),
(1608, 14, 5, NULL, '', ''),
(1609, 28, 7, NULL, '', ''),
(1610, 71, 7, NULL, '', ''),
(1611, 37, 5, NULL, '', ''),
(1612, 57, 3, NULL, '', ''),
(1613, 20, 5, NULL, '', ''),
(1614, 29, 6, NULL, '', ''),
(1615, 42, 1, NULL, '', ''),
(1616, 47, 9, NULL, '', ''),
(1617, 29, 4, NULL, '', ''),
(1618, 40, 6, NULL, '', ''),
(1619, 15, 4, NULL, '', ''),
(1620, 76, 9, NULL, '', ''),
(1621, 12, 5, NULL, '', ''),
(1622, 32, 10, NULL, '', ''),
(1623, 79, 5, NULL, '', ''),
(1624, 76, 7, NULL, '', ''),
(1625, 5, 7, NULL, '', ''),
(1626, 48, 4, NULL, '', ''),
(1627, 61, 10, NULL, '', ''),
(1628, 79, 4, NULL, '', ''),
(1629, 47, 11, NULL, '', ''),
(1630, 17, 1, NULL, '', ''),
(1631, 50, 11, NULL, '', ''),
(1632, 66, 3, NULL, '', ''),
(1633, 74, 8, NULL, '', ''),
(1634, 71, 3, NULL, '', ''),
(1635, 26, 1, NULL, '', ''),
(1636, 18, 11, NULL, '', ''),
(1637, 27, 8, NULL, '', ''),
(1638, 21, 4, NULL, '', ''),
(1639, 73, 6, NULL, '', ''),
(1640, 55, 11, NULL, '', ''),
(1641, 68, 3, NULL, '', ''),
(1642, 69, 5, NULL, '', ''),
(1643, 37, 1, NULL, '', ''),
(1644, 75, 5, NULL, '', ''),
(1645, 28, 5, NULL, '', ''),
(1646, 19, 9, NULL, '', ''),
(1647, 30, 5, NULL, '', ''),
(1648, 64, 9, NULL, '', ''),
(1649, 43, 4, NULL, '', ''),
(1650, 77, 9, NULL, '', ''),
(1651, 21, 9, NULL, '', ''),
(1652, 21, 10, NULL, '', ''),
(1653, 53, 7, NULL, '', ''),
(1654, 79, 2, NULL, '', ''),
(1655, 58, 2, NULL, '', ''),
(1656, 50, 7, NULL, '', ''),
(1657, 25, 7, NULL, '', ''),
(1658, 13, 11, NULL, '', ''),
(1659, 22, 6, NULL, '', ''),
(1660, 54, 10, NULL, '', ''),
(1661, 12, 3, NULL, '', ''),
(1662, 58, 10, NULL, '', ''),
(1663, 14, 4, NULL, '', ''),
(1664, 71, 6, NULL, '', ''),
(1665, 78, 3, NULL, '', ''),
(1666, 27, 11, NULL, '', ''),
(1667, 48, 2, NULL, '', ''),
(1668, 13, 3, NULL, '', ''),
(1669, 62, 1, NULL, '', ''),
(1670, 1, 10, NULL, '', ''),
(1671, 16, 5, NULL, '', ''),
(1672, 48, 8, NULL, '', ''),
(1673, 41, 6, NULL, '', ''),
(1674, 17, 5, NULL, '', ''),
(1675, 39, 2, NULL, '', ''),
(1676, 8, 2, NULL, '', ''),
(1677, 44, 2, NULL, '', ''),
(1678, 21, 9, NULL, '', ''),
(1679, 81, 9, NULL, '', ''),
(1680, 56, 3, NULL, '', ''),
(1681, 5, 7, NULL, '', ''),
(1682, 75, 9, NULL, '', ''),
(1683, 1, 9, NULL, '', ''),
(1684, 65, 8, NULL, '', ''),
(1685, 2, 1, NULL, '', ''),
(1686, 15, 9, NULL, '', ''),
(1687, 29, 5, NULL, '', ''),
(1688, 10, 4, NULL, '', ''),
(1689, 8, 7, NULL, '', ''),
(1690, 57, 8, NULL, '', ''),
(1691, 42, 5, NULL, '', ''),
(1692, 33, 10, NULL, '', ''),
(1693, 6, 9, NULL, '', ''),
(1694, 55, 1, NULL, '', ''),
(1695, 20, 1, NULL, '', ''),
(1696, 30, 9, NULL, '', ''),
(1697, 74, 2, NULL, '', ''),
(1698, 69, 11, NULL, '', ''),
(1699, 4, 6, NULL, '', ''),
(1700, 15, 6, NULL, '', ''),
(1701, 6, 9, NULL, '', ''),
(1702, 49, 8, NULL, '', ''),
(1703, 56, 4, NULL, '', ''),
(1704, 53, 3, NULL, '', ''),
(1705, 15, 3, NULL, '', ''),
(1706, 47, 3, NULL, '', ''),
(1707, 21, 8, NULL, '', ''),
(1708, 54, 3, NULL, '', ''),
(1709, 26, 9, NULL, '', ''),
(1710, 78, 6, NULL, '', ''),
(1711, 39, 11, NULL, '', ''),
(1712, 30, 11, NULL, '', ''),
(1713, 44, 11, NULL, '', ''),
(1714, 1, 3, NULL, '', ''),
(1715, 14, 2, NULL, '', ''),
(1716, 12, 4, NULL, '', ''),
(1717, 16, 1, NULL, '', ''),
(1718, 38, 4, NULL, '', ''),
(1719, 5, 5, NULL, '', ''),
(1720, 79, 7, NULL, '', ''),
(1721, 74, 10, NULL, '', ''),
(1722, 37, 9, NULL, '', ''),
(1723, 31, 8, NULL, '', ''),
(1724, 10, 8, NULL, '', ''),
(1725, 71, 5, NULL, '', ''),
(1726, 37, 1, NULL, '', ''),
(1727, 59, 7, NULL, '', ''),
(1728, 56, 8, NULL, '', ''),
(1729, 45, 7, NULL, '', ''),
(1730, 17, 4, NULL, '', ''),
(1731, 78, 10, NULL, '', ''),
(1732, 32, 5, NULL, '', ''),
(1733, 65, 9, NULL, '', ''),
(1734, 48, 7, NULL, '', ''),
(1735, 1, 5, NULL, '', ''),
(1736, 68, 1, NULL, '', ''),
(1737, 62, 7, NULL, '', ''),
(1738, 70, 5, NULL, '', ''),
(1739, 39, 2, NULL, '', ''),
(1740, 33, 6, NULL, '', ''),
(1741, 30, 3, NULL, '', ''),
(1742, 19, 4, NULL, '', ''),
(1743, 1, 1, NULL, '', ''),
(1744, 1, 1, NULL, '', ''),
(1745, 10, 6, NULL, '', ''),
(1746, 19, 7, NULL, '', ''),
(1747, 19, 5, NULL, '', ''),
(1748, 23, 3, NULL, '', ''),
(1749, 24, 9, NULL, '', ''),
(1750, 76, 5, NULL, '', ''),
(1751, 10, 6, NULL, '', ''),
(1752, 78, 5, NULL, '', ''),
(1753, 80, 9, NULL, '', ''),
(1754, 2, 9, NULL, '', ''),
(1755, 47, 8, NULL, '', ''),
(1756, 66, 11, NULL, '', ''),
(1757, 11, 11, NULL, '', ''),
(1758, 17, 3, NULL, '', ''),
(1759, 50, 4, NULL, '', ''),
(1760, 76, 7, NULL, '', ''),
(1761, 18, 3, NULL, '', ''),
(1762, 53, 6, NULL, '', ''),
(1763, 38, 10, NULL, '', ''),
(1764, 3, 6, NULL, '', ''),
(1765, 27, 2, NULL, '', ''),
(1766, 76, 2, NULL, '', ''),
(1767, 61, 5, NULL, '', ''),
(1768, 70, 1, NULL, '', ''),
(1769, 44, 8, NULL, '', ''),
(1770, 49, 1, NULL, '', ''),
(1771, 48, 8, NULL, '', ''),
(1772, 62, 8, NULL, '', ''),
(1773, 11, 7, NULL, '', ''),
(1774, 56, 7, NULL, '', ''),
(1775, 76, 10, NULL, '', ''),
(1776, 33, 6, NULL, '', ''),
(1777, 14, 5, NULL, '', ''),
(1778, 59, 3, NULL, '', ''),
(1779, 9, 9, NULL, '', ''),
(1780, 42, 3, NULL, '', ''),
(1781, 57, 9, NULL, '', ''),
(1782, 58, 4, NULL, '', ''),
(1783, 24, 7, NULL, '', ''),
(1784, 16, 1, NULL, '', ''),
(1785, 72, 2, NULL, '', ''),
(1786, 80, 7, NULL, '', ''),
(1787, 68, 6, NULL, '', ''),
(1788, 80, 5, NULL, '', ''),
(1789, 17, 8, NULL, '', ''),
(1790, 74, 5, NULL, '', ''),
(1791, 35, 10, NULL, '', ''),
(1792, 3, 7, NULL, '', ''),
(1793, 64, 3, NULL, '', ''),
(1794, 55, 9, NULL, '', ''),
(1795, 64, 8, NULL, '', ''),
(1796, 73, 6, NULL, '', ''),
(1797, 71, 10, NULL, '', ''),
(1798, 40, 11, NULL, '', ''),
(1799, 38, 4, NULL, '', ''),
(1800, 27, 7, NULL, '', ''),
(1801, 3, 4, NULL, '', ''),
(1802, 48, 11, NULL, '', ''),
(1803, 2, 3, NULL, '', ''),
(1804, 74, 11, NULL, '', ''),
(1805, 14, 11, NULL, '', ''),
(1806, 6, 7, NULL, '', ''),
(1807, 66, 3, NULL, '', ''),
(1808, 58, 10, NULL, '', ''),
(1809, 14, 4, NULL, '', ''),
(1810, 71, 6, NULL, '', ''),
(1811, 74, 1, NULL, '', ''),
(1812, 42, 5, NULL, '', ''),
(1813, 52, 10, NULL, '', ''),
(1814, 40, 9, NULL, '', ''),
(1815, 41, 2, NULL, '', ''),
(1816, 8, 2, NULL, '', ''),
(1817, 20, 10, NULL, '', ''),
(1818, 55, 8, NULL, '', ''),
(1819, 45, 7, NULL, '', ''),
(1820, 31, 1, NULL, '', ''),
(1821, 26, 4, NULL, '', ''),
(1822, 39, 7, NULL, '', ''),
(1823, 25, 10, NULL, '', ''),
(1824, 40, 10, NULL, '', ''),
(1825, 52, 8, NULL, '', ''),
(1826, 43, 7, NULL, '', ''),
(1827, 26, 10, NULL, '', ''),
(1828, 24, 10, NULL, '', ''),
(1829, 50, 5, NULL, '', ''),
(1830, 4, 1, NULL, '', ''),
(1831, 25, 3, NULL, '', ''),
(1832, 36, 4, NULL, '', ''),
(1833, 40, 5, NULL, '', ''),
(1834, 32, 10, NULL, '', ''),
(1835, 2, 7, NULL, '', ''),
(1836, 71, 7, NULL, '', ''),
(1837, 22, 7, NULL, '', ''),
(1838, 27, 9, NULL, '', ''),
(1839, 71, 1, NULL, '', ''),
(1840, 44, 7, NULL, '', ''),
(1841, 32, 2, NULL, '', ''),
(1842, 43, 3, NULL, '', ''),
(1843, 32, 5, NULL, '', ''),
(1844, 65, 9, NULL, '', ''),
(1845, 48, 6, NULL, '', ''),
(1846, 71, 9, NULL, '', ''),
(1847, 22, 1, NULL, '', ''),
(1848, 17, 1, NULL, '', ''),
(1849, 47, 9, NULL, '', ''),
(1850, 79, 7, NULL, '', ''),
(1851, 20, 4, NULL, '', ''),
(1852, 64, 1, NULL, '', ''),
(1853, 72, 3, NULL, '', ''),
(1854, 45, 1, NULL, '', ''),
(1855, 52, 11, NULL, '', ''),
(1856, 2, 2, NULL, '', ''),
(1857, 52, 9, NULL, '', ''),
(1858, 79, 6, NULL, '', ''),
(1859, 61, 2, NULL, '', ''),
(1860, 43, 2, NULL, '', ''),
(1861, 12, 3, NULL, '', ''),
(1862, 75, 9, NULL, '', ''),
(1863, 23, 11, NULL, '', ''),
(1864, 76, 10, NULL, '', ''),
(1865, 24, 11, NULL, '', ''),
(1866, 4, 4, NULL, '', ''),
(1867, 20, 5, NULL, '', ''),
(1868, 22, 2, NULL, '', ''),
(1869, 69, 10, NULL, '', ''),
(1870, 49, 6, NULL, '', ''),
(1871, 57, 1, NULL, '', ''),
(1872, 2, 11, NULL, '', ''),
(1873, 75, 7, NULL, '', ''),
(1874, 26, 8, NULL, '', ''),
(1875, 52, 1, NULL, '', ''),
(1876, 33, 9, NULL, '', ''),
(1877, 67, 8, NULL, '', ''),
(1878, 81, 10, NULL, '', ''),
(1879, 45, 1, NULL, '', ''),
(1880, 34, 1, NULL, '', ''),
(1881, 76, 7, NULL, '', ''),
(1882, 8, 8, NULL, '', ''),
(1883, 27, 5, NULL, '', ''),
(1884, 24, 1, NULL, '', ''),
(1885, 48, 7, NULL, '', ''),
(1886, 35, 3, NULL, '', ''),
(1887, 77, 1, NULL, '', '');
INSERT INTO `rooms` (`roomID`, `hotelID`, `typeID`, `num`, `interiorpath`, `exteriorpath`) VALUES
(1888, 14, 10, NULL, '', ''),
(1889, 51, 7, NULL, '', ''),
(1890, 20, 4, NULL, '', ''),
(1891, 2, 1, NULL, '', ''),
(1892, 7, 4, NULL, '', ''),
(1893, 37, 3, NULL, '', ''),
(1894, 66, 4, NULL, '', ''),
(1895, 28, 7, NULL, '', ''),
(1896, 6, 6, NULL, '', ''),
(1897, 28, 3, NULL, '', ''),
(1898, 75, 1, NULL, '', ''),
(1899, 37, 2, NULL, '', ''),
(1900, 20, 10, NULL, '', ''),
(1901, 41, 11, NULL, '', ''),
(1902, 23, 6, NULL, '', ''),
(1903, 66, 6, NULL, '', ''),
(1904, 71, 11, NULL, '', ''),
(1905, 17, 2, NULL, '', ''),
(1906, 5, 10, NULL, '', ''),
(1907, 21, 7, NULL, '', ''),
(1908, 25, 8, NULL, '', ''),
(1909, 35, 2, NULL, '', ''),
(1910, 27, 4, NULL, '', ''),
(1911, 32, 2, NULL, '', ''),
(1912, 44, 3, NULL, '', ''),
(1913, 48, 3, NULL, '', ''),
(1914, 22, 8, NULL, '', ''),
(1915, 66, 10, NULL, '', ''),
(1916, 78, 2, NULL, '', ''),
(1917, 76, 3, NULL, '', ''),
(1918, 13, 3, NULL, '', ''),
(1919, 47, 3, NULL, '', ''),
(1920, 44, 11, NULL, '', ''),
(1921, 10, 9, NULL, '', ''),
(1922, 33, 9, NULL, '', ''),
(1923, 43, 5, NULL, '', ''),
(1924, 31, 8, NULL, '', ''),
(1925, 38, 2, NULL, '', ''),
(1926, 34, 7, NULL, '', ''),
(1927, 49, 4, NULL, '', ''),
(1928, 51, 3, NULL, '', ''),
(1929, 38, 6, NULL, '', ''),
(1930, 17, 6, NULL, '', ''),
(1931, 66, 7, NULL, '', ''),
(1932, 43, 10, NULL, '', ''),
(1933, 56, 10, NULL, '', ''),
(1934, 27, 11, NULL, '', ''),
(1935, 80, 10, NULL, '', ''),
(1936, 50, 4, NULL, '', ''),
(1937, 74, 6, NULL, '', ''),
(1938, 58, 2, NULL, '', ''),
(1939, 32, 7, NULL, '', ''),
(1940, 76, 9, NULL, '', ''),
(1941, 20, 9, NULL, '', ''),
(1942, 14, 6, NULL, '', ''),
(1943, 2, 7, NULL, '', ''),
(1944, 60, 1, NULL, '', ''),
(1945, 77, 8, NULL, '', ''),
(1946, 31, 11, NULL, '', ''),
(1947, 54, 5, NULL, '', ''),
(1948, 20, 10, NULL, '', ''),
(1949, 39, 10, NULL, '', ''),
(1950, 75, 11, NULL, '', ''),
(1951, 12, 9, NULL, '', ''),
(1952, 38, 11, NULL, '', ''),
(1953, 46, 9, NULL, '', ''),
(1954, 33, 7, NULL, '', ''),
(1955, 51, 5, NULL, '', ''),
(1956, 23, 1, NULL, '', ''),
(1957, 48, 8, NULL, '', ''),
(1958, 61, 7, NULL, '', ''),
(1959, 69, 5, NULL, '', ''),
(1960, 36, 11, NULL, '', ''),
(1961, 50, 2, NULL, '', ''),
(1962, 57, 2, NULL, '', ''),
(1963, 58, 1, NULL, '', ''),
(1964, 20, 11, NULL, '', ''),
(1965, 14, 11, NULL, '', ''),
(1966, 5, 6, NULL, '', ''),
(1967, 38, 8, NULL, '', ''),
(1968, 19, 11, NULL, '', ''),
(1969, 15, 11, NULL, '', ''),
(1970, 31, 11, NULL, '', ''),
(1971, 38, 7, NULL, '', ''),
(1972, 44, 10, NULL, '', ''),
(1973, 74, 10, NULL, '', ''),
(1974, 44, 2, NULL, '', ''),
(1975, 74, 3, NULL, '', ''),
(1976, 35, 6, NULL, '', ''),
(1977, 2, 8, NULL, '', ''),
(1978, 37, 2, NULL, '', ''),
(1979, 36, 8, NULL, '', ''),
(1980, 22, 2, NULL, '', ''),
(1981, 2, 7, NULL, '', ''),
(1982, 6, 5, NULL, '', ''),
(1983, 4, 10, NULL, '', ''),
(1984, 29, 1, NULL, '', ''),
(1985, 11, 7, NULL, '', ''),
(1986, 34, 5, NULL, '', ''),
(1987, 50, 11, NULL, '', ''),
(1988, 80, 1, NULL, '', ''),
(1989, 11, 7, NULL, '', ''),
(1990, 46, 1, NULL, '', ''),
(1991, 48, 9, NULL, '', ''),
(1992, 80, 8, NULL, '', ''),
(1993, 30, 10, NULL, '', ''),
(1994, 12, 2, NULL, '', ''),
(1995, 34, 7, NULL, '', ''),
(1996, 45, 1, NULL, '', ''),
(1997, 62, 6, NULL, '', ''),
(1998, 30, 3, NULL, '', ''),
(1999, 7, 8, NULL, '', ''),
(2000, 20, 2, NULL, '', ''),
(2001, 63, 7, NULL, '', ''),
(2002, 37, 7, NULL, '', ''),
(2003, 48, 3, NULL, '', ''),
(2004, 17, 6, NULL, '', ''),
(2005, 54, 11, NULL, '', ''),
(2006, 55, 7, NULL, '', ''),
(2007, 76, 10, NULL, '', ''),
(2008, 55, 8, NULL, '', ''),
(2009, 29, 9, NULL, '', ''),
(2010, 61, 5, NULL, '', ''),
(2011, 80, 7, NULL, '', ''),
(2012, 75, 10, NULL, '', ''),
(2013, 48, 4, NULL, '', ''),
(2014, 81, 11, NULL, '', ''),
(2015, 51, 4, NULL, '', ''),
(2016, 66, 1, NULL, '', ''),
(2017, 55, 4, NULL, '', ''),
(2018, 48, 11, NULL, '', ''),
(2019, 12, 9, NULL, '', ''),
(2020, 35, 9, NULL, '', ''),
(2021, 57, 2, NULL, '', ''),
(2022, 34, 9, NULL, '', ''),
(2023, 49, 8, NULL, '', ''),
(2024, 51, 2, NULL, '', ''),
(2025, 47, 7, NULL, '', ''),
(2026, 16, 3, NULL, '', ''),
(2027, 44, 11, NULL, '', ''),
(2028, 29, 9, NULL, '', ''),
(2029, 68, 10, NULL, '', ''),
(2030, 58, 1, NULL, '', ''),
(2031, 78, 8, NULL, '', ''),
(2032, 61, 7, NULL, '', ''),
(2033, 45, 2, NULL, '', ''),
(2034, 66, 9, NULL, '', ''),
(2035, 33, 8, NULL, '', ''),
(2036, 21, 3, NULL, '', ''),
(2037, 17, 5, NULL, '', ''),
(2038, 50, 8, NULL, '', ''),
(2039, 56, 4, NULL, '', ''),
(2040, 45, 9, NULL, '', ''),
(2041, 18, 9, NULL, '', ''),
(2042, 7, 3, NULL, '', ''),
(2043, 56, 10, NULL, '', ''),
(2044, 18, 6, NULL, '', ''),
(2045, 77, 2, NULL, '', ''),
(2046, 1, 6, NULL, '', ''),
(2047, 53, 7, NULL, '', ''),
(2048, 19, 3, NULL, '', ''),
(2049, 38, 7, NULL, '', ''),
(2050, 58, 8, NULL, '', ''),
(2051, 38, 2, NULL, '', ''),
(2052, 27, 3, NULL, '', ''),
(2053, 79, 4, NULL, '', ''),
(2054, 39, 6, NULL, '', ''),
(2055, 24, 10, NULL, '', ''),
(2056, 22, 10, NULL, '', ''),
(2057, 27, 2, NULL, '', ''),
(2058, 74, 1, NULL, '', ''),
(2059, 29, 8, NULL, '', ''),
(2060, 36, 2, NULL, '', ''),
(2061, 24, 1, NULL, '', ''),
(2062, 42, 4, NULL, '', ''),
(2063, 14, 10, NULL, '', ''),
(2064, 51, 8, NULL, '', ''),
(2065, 34, 1, NULL, '', ''),
(2066, 7, 3, NULL, '', ''),
(2067, 71, 8, NULL, '', ''),
(2068, 64, 10, NULL, '', ''),
(2069, 15, 2, NULL, '', ''),
(2070, 21, 9, NULL, '', ''),
(2071, 18, 8, NULL, '', ''),
(2072, 67, 1, NULL, '', ''),
(2073, 60, 7, NULL, '', ''),
(2074, 52, 5, NULL, '', ''),
(2075, 30, 6, NULL, '', ''),
(2076, 22, 10, NULL, '', ''),
(2077, 57, 9, NULL, '', ''),
(2078, 64, 7, NULL, '', ''),
(2079, 49, 3, NULL, '', ''),
(2080, 37, 6, NULL, '', ''),
(2081, 10, 2, NULL, '', ''),
(2082, 10, 4, NULL, '', ''),
(2083, 17, 1, NULL, '', ''),
(2084, 63, 7, NULL, '', ''),
(2085, 61, 11, NULL, '', ''),
(2086, 32, 2, NULL, '', ''),
(2087, 57, 11, NULL, '', ''),
(2088, 53, 5, NULL, '', ''),
(2089, 10, 4, NULL, '', ''),
(2090, 22, 5, NULL, '', ''),
(2091, 7, 4, NULL, '', ''),
(2092, 17, 2, NULL, '', ''),
(2093, 3, 9, NULL, '', ''),
(2094, 56, 2, NULL, '', ''),
(2095, 66, 6, NULL, '', ''),
(2096, 15, 4, NULL, '', ''),
(2097, 11, 8, NULL, '', ''),
(2098, 78, 9, NULL, '', ''),
(2099, 3, 9, NULL, '', ''),
(2100, 77, 4, NULL, '', ''),
(2101, 48, 2, NULL, '', ''),
(2102, 63, 6, NULL, '', ''),
(2103, 22, 9, NULL, '', ''),
(2104, 10, 3, NULL, '', ''),
(2105, 76, 10, NULL, '', ''),
(2106, 57, 9, NULL, '', ''),
(2107, 71, 11, NULL, '', ''),
(2108, 25, 6, NULL, '', ''),
(2109, 63, 4, NULL, '', ''),
(2110, 6, 6, NULL, '', ''),
(2111, 29, 3, NULL, '', ''),
(2112, 7, 8, NULL, '', ''),
(2113, 29, 7, NULL, '', ''),
(2114, 1, 3, NULL, '', ''),
(2115, 79, 3, NULL, '', ''),
(2116, 31, 2, NULL, '', ''),
(2117, 34, 9, NULL, '', ''),
(2118, 40, 3, NULL, '', ''),
(2119, 49, 4, NULL, '', ''),
(2120, 75, 7, NULL, '', ''),
(2121, 18, 3, NULL, '', ''),
(2122, 56, 7, NULL, '', ''),
(2123, 6, 6, NULL, '', ''),
(2124, 17, 7, NULL, '', ''),
(2125, 19, 5, NULL, '', ''),
(2126, 45, 5, NULL, '', ''),
(2127, 30, 7, NULL, '', ''),
(2128, 76, 10, NULL, '', ''),
(2129, 34, 6, NULL, '', ''),
(2130, 35, 6, NULL, '', ''),
(2131, 26, 1, NULL, '', ''),
(2132, 8, 5, NULL, '', ''),
(2133, 80, 6, NULL, '', ''),
(2134, 58, 11, NULL, '', ''),
(2135, 55, 6, NULL, '', ''),
(2136, 37, 9, NULL, '', ''),
(2137, 41, 2, NULL, '', ''),
(2138, 27, 2, NULL, '', ''),
(2139, 64, 5, NULL, '', ''),
(2140, 72, 1, NULL, '', ''),
(2141, 61, 6, NULL, '', ''),
(2142, 14, 5, NULL, '', ''),
(2143, 37, 2, NULL, '', ''),
(2144, 15, 7, NULL, '', ''),
(2145, 26, 10, NULL, '', ''),
(2146, 27, 1, NULL, '', ''),
(2147, 28, 6, NULL, '', ''),
(2148, 39, 10, NULL, '', ''),
(2149, 81, 4, NULL, '', ''),
(2150, 57, 6, NULL, '', ''),
(2151, 23, 11, NULL, '', ''),
(2152, 76, 9, NULL, '', ''),
(2153, 20, 9, NULL, '', ''),
(2154, 19, 9, NULL, '', ''),
(2155, 18, 9, NULL, '', ''),
(2156, 5, 1, NULL, '', ''),
(2157, 8, 4, NULL, '', ''),
(2158, 16, 1, NULL, '', ''),
(2159, 64, 8, NULL, '', ''),
(2160, 13, 8, NULL, '', ''),
(2161, 65, 1, NULL, '', ''),
(2162, 56, 5, NULL, '', ''),
(2163, 78, 7, NULL, '', ''),
(2164, 7, 7, NULL, '', ''),
(2165, 75, 8, NULL, '', ''),
(2166, 53, 3, NULL, '', ''),
(2167, 8, 10, NULL, '', ''),
(2168, 78, 3, NULL, '', ''),
(2169, 27, 11, NULL, '', ''),
(2170, 53, 5, NULL, '', ''),
(2171, 24, 2, NULL, '', ''),
(2172, 49, 9, NULL, '', ''),
(2173, 72, 3, NULL, '', ''),
(2174, 37, 7, NULL, '', ''),
(2175, 39, 8, NULL, '', ''),
(2176, 76, 7, NULL, '', ''),
(2177, 32, 1, NULL, '', ''),
(2178, 8, 4, NULL, '', ''),
(2179, 18, 2, NULL, '', ''),
(2180, 20, 8, NULL, '', ''),
(2181, 47, 10, NULL, '', ''),
(2182, 60, 11, NULL, '', ''),
(2183, 65, 11, NULL, '', ''),
(2184, 42, 7, NULL, '', ''),
(2185, 40, 8, NULL, '', ''),
(2186, 60, 9, NULL, '', ''),
(2187, 37, 1, NULL, '', ''),
(2188, 80, 8, NULL, '', ''),
(2189, 41, 5, NULL, '', ''),
(2190, 50, 9, NULL, '', ''),
(2191, 6, 11, NULL, '', ''),
(2192, 64, 11, NULL, '', ''),
(2193, 21, 6, NULL, '', ''),
(2194, 62, 3, NULL, '', ''),
(2195, 5, 6, NULL, '', ''),
(2196, 28, 3, NULL, '', ''),
(2197, 81, 4, NULL, '', ''),
(2198, 67, 1, NULL, '', ''),
(2199, 61, 7, NULL, '', ''),
(2200, 59, 10, NULL, '', ''),
(2201, 2, 7, NULL, '', ''),
(2202, 78, 11, NULL, '', ''),
(2203, 75, 8, NULL, '', ''),
(2204, 64, 10, NULL, '', ''),
(2205, 62, 4, NULL, '', ''),
(2206, 35, 1, NULL, '', ''),
(2207, 14, 7, NULL, '', ''),
(2208, 31, 2, NULL, '', ''),
(2209, 55, 10, NULL, '', ''),
(2210, 30, 2, NULL, '', ''),
(2211, 62, 4, NULL, '', ''),
(2212, 16, 1, NULL, '', ''),
(2213, 64, 8, NULL, '', ''),
(2214, 15, 9, NULL, '', ''),
(2215, 35, 9, NULL, '', ''),
(2216, 36, 11, NULL, '', ''),
(2217, 44, 9, NULL, '', ''),
(2218, 12, 6, NULL, '', ''),
(2219, 79, 5, NULL, '', ''),
(2220, 15, 8, NULL, '', ''),
(2221, 61, 9, NULL, '', ''),
(2222, 35, 11, NULL, '', ''),
(2223, 44, 9, NULL, '', ''),
(2224, 18, 9, NULL, '', ''),
(2225, 32, 6, NULL, '', ''),
(2226, 28, 3, NULL, '', ''),
(2227, 2, 6, NULL, '', ''),
(2228, 25, 2, NULL, '', ''),
(2229, 55, 1, NULL, '', ''),
(2230, 4, 2, NULL, '', ''),
(2231, 59, 2, NULL, '', ''),
(2232, 28, 5, NULL, '', ''),
(2233, 3, 11, NULL, '', ''),
(2234, 41, 8, NULL, '', ''),
(2235, 11, 6, NULL, '', ''),
(2236, 5, 10, NULL, '', ''),
(2237, 75, 2, NULL, '', ''),
(2238, 3, 8, NULL, '', ''),
(2239, 20, 2, NULL, '', ''),
(2240, 17, 5, NULL, '', ''),
(2241, 54, 11, NULL, '', ''),
(2242, 56, 8, NULL, '', ''),
(2243, 16, 1, NULL, '', ''),
(2244, 36, 3, NULL, '', ''),
(2245, 58, 11, NULL, '', ''),
(2246, 44, 10, NULL, '', ''),
(2247, 74, 9, NULL, '', ''),
(2248, 21, 10, NULL, '', ''),
(2249, 60, 11, NULL, '', ''),
(2250, 56, 6, NULL, '', ''),
(2251, 29, 4, NULL, '', ''),
(2252, 51, 2, NULL, '', ''),
(2253, 50, 9, NULL, '', ''),
(2254, 1, 9, NULL, '', ''),
(2255, 59, 4, NULL, '', ''),
(2256, 49, 11, NULL, '', ''),
(2257, 74, 9, NULL, '', ''),
(2258, 77, 6, NULL, '', ''),
(2259, 68, 7, NULL, '', ''),
(2260, 31, 2, NULL, '', ''),
(2261, 45, 4, NULL, '', ''),
(2262, 7, 5, NULL, '', ''),
(2263, 52, 1, NULL, '', ''),
(2264, 33, 9, NULL, '', ''),
(2265, 69, 9, NULL, '', ''),
(2266, 44, 3, NULL, '', ''),
(2267, 44, 1, NULL, '', ''),
(2268, 34, 1, NULL, '', ''),
(2269, 3, 1, NULL, '', ''),
(2270, 78, 9, NULL, '', ''),
(2271, 71, 2, NULL, '', ''),
(2272, 76, 4, NULL, '', ''),
(2273, 62, 10, NULL, '', ''),
(2274, 5, 8, NULL, '', ''),
(2275, 23, 4, NULL, '', ''),
(2276, 54, 5, NULL, '', ''),
(2277, 11, 4, NULL, '', ''),
(2278, 36, 1, NULL, '', ''),
(2279, 8, 3, NULL, '', ''),
(2280, 69, 7, NULL, '', ''),
(2281, 21, 7, NULL, '', ''),
(2282, 12, 11, NULL, '', ''),
(2283, 27, 10, NULL, '', ''),
(2284, 8, 1, NULL, '', ''),
(2285, 66, 11, NULL, '', ''),
(2286, 38, 5, NULL, '', ''),
(2287, 45, 7, NULL, '', ''),
(2288, 18, 5, NULL, '', ''),
(2289, 16, 10, NULL, '', ''),
(2290, 51, 7, NULL, '', ''),
(2291, 11, 10, NULL, '', ''),
(2292, 75, 1, NULL, '', ''),
(2293, 31, 9, NULL, '', ''),
(2294, 65, 7, NULL, '', ''),
(2295, 63, 11, NULL, '', ''),
(2296, 44, 9, NULL, '', ''),
(2297, 10, 5, NULL, '', ''),
(2298, 42, 5, NULL, '', ''),
(2299, 57, 2, NULL, '', ''),
(2300, 51, 8, NULL, '', ''),
(2301, 50, 11, NULL, '', ''),
(2302, 1, 2, NULL, '', ''),
(2303, 41, 3, NULL, '', ''),
(2304, 43, 1, NULL, '', ''),
(2305, 41, 6, NULL, '', ''),
(2306, 68, 9, NULL, '', ''),
(2307, 29, 5, NULL, '', ''),
(2308, 14, 6, NULL, '', ''),
(2309, 72, 11, NULL, '', ''),
(2310, 26, 7, NULL, '', ''),
(2311, 80, 2, NULL, '', ''),
(2312, 63, 5, NULL, '', ''),
(2313, 76, 4, NULL, '', ''),
(2314, 52, 4, NULL, '', ''),
(2315, 65, 11, NULL, '', ''),
(2316, 23, 7, NULL, '', ''),
(2317, 18, 3, NULL, '', ''),
(2318, 43, 11, NULL, '', ''),
(2319, 4, 5, NULL, '', ''),
(2320, 9, 3, NULL, '', ''),
(2321, 54, 8, NULL, '', ''),
(2322, 51, 11, NULL, '', ''),
(2323, 80, 1, NULL, '', ''),
(2324, 6, 4, NULL, '', ''),
(2325, 37, 4, NULL, '', ''),
(2326, 2, 4, NULL, '', ''),
(2327, 29, 10, NULL, '', ''),
(2328, 37, 7, NULL, '', ''),
(2329, 37, 7, NULL, '', ''),
(2330, 36, 6, NULL, '', ''),
(2331, 27, 1, NULL, '', ''),
(2332, 15, 10, NULL, '', ''),
(2333, 47, 5, NULL, '', ''),
(2334, 20, 1, NULL, '', ''),
(2335, 42, 5, NULL, '', ''),
(2336, 36, 1, NULL, '', ''),
(2337, 70, 2, NULL, '', ''),
(2338, 21, 9, NULL, '', ''),
(2339, 16, 7, NULL, '', ''),
(2340, 21, 7, NULL, '', ''),
(2341, 7, 8, NULL, '', ''),
(2342, 16, 10, NULL, '', ''),
(2343, 69, 7, NULL, '', ''),
(2344, 40, 7, NULL, '', ''),
(2345, 52, 4, NULL, '', ''),
(2346, 55, 5, NULL, '', ''),
(2347, 11, 4, NULL, '', ''),
(2348, 31, 10, NULL, '', ''),
(2349, 80, 6, NULL, '', ''),
(2350, 27, 3, NULL, '', ''),
(2351, 21, 6, NULL, '', ''),
(2352, 77, 1, NULL, '', ''),
(2353, 48, 8, NULL, '', ''),
(2354, 53, 3, NULL, '', ''),
(2355, 2, 6, NULL, '', ''),
(2356, 50, 5, NULL, '', ''),
(2357, 30, 6, NULL, '', ''),
(2358, 40, 10, NULL, '', ''),
(2359, 71, 9, NULL, '', ''),
(2360, 9, 4, NULL, '', ''),
(2361, 16, 1, NULL, '', ''),
(2362, 53, 2, NULL, '', ''),
(2363, 48, 7, NULL, '', ''),
(2364, 28, 9, NULL, '', ''),
(2365, 6, 11, NULL, '', ''),
(2366, 29, 11, NULL, '', ''),
(2367, 78, 9, NULL, '', ''),
(2368, 5, 11, NULL, '', ''),
(2369, 36, 5, NULL, '', ''),
(2370, 67, 9, NULL, '', ''),
(2371, 45, 4, NULL, '', ''),
(2372, 4, 3, NULL, '', ''),
(2373, 74, 11, NULL, '', ''),
(2374, 75, 9, NULL, '', ''),
(2375, 17, 8, NULL, '', ''),
(2376, 55, 5, NULL, '', ''),
(2377, 75, 5, NULL, '', ''),
(2378, 28, 5, NULL, '', ''),
(2379, 20, 10, NULL, '', ''),
(2380, 47, 4, NULL, '', ''),
(2381, 61, 10, NULL, '', ''),
(2382, 3, 7, NULL, '', ''),
(2383, 67, 4, NULL, '', ''),
(2384, 19, 2, NULL, '', ''),
(2385, 75, 3, NULL, '', ''),
(2386, 32, 3, NULL, '', ''),
(2387, 15, 2, NULL, '', ''),
(2388, 78, 6, NULL, '', ''),
(2389, 45, 4, NULL, '', ''),
(2390, 70, 5, NULL, '', ''),
(2391, 29, 7, NULL, '', ''),
(2392, 69, 6, NULL, '', ''),
(2393, 3, 7, NULL, '', ''),
(2394, 69, 6, NULL, '', ''),
(2395, 66, 8, NULL, '', ''),
(2396, 65, 1, NULL, '', ''),
(2397, 69, 2, NULL, '', ''),
(2398, 1, 8, NULL, '', ''),
(2399, 41, 5, NULL, '', ''),
(2400, 30, 8, NULL, '', ''),
(2401, 29, 8, NULL, '', ''),
(2402, 38, 3, NULL, '', ''),
(2403, 47, 4, NULL, '', ''),
(2404, 58, 8, NULL, '', ''),
(2405, 28, 7, NULL, '', ''),
(2406, 1, 3, NULL, '', ''),
(2407, 8, 9, NULL, '', ''),
(2408, 60, 3, NULL, '', ''),
(2409, 7, 8, NULL, '', ''),
(2410, 2, 2, NULL, '', ''),
(2411, 40, 2, NULL, '', ''),
(2412, 14, 6, NULL, '', ''),
(2413, 69, 10, NULL, '', ''),
(2414, 48, 5, NULL, '', ''),
(2415, 41, 2, NULL, '', ''),
(2416, 11, 3, NULL, '', ''),
(2417, 74, 9, NULL, '', ''),
(2418, 6, 1, NULL, '', ''),
(2419, 13, 7, NULL, '', ''),
(2420, 33, 3, NULL, '', ''),
(2421, 12, 11, NULL, '', ''),
(2422, 16, 2, NULL, '', ''),
(2423, 27, 2, NULL, '', ''),
(2424, 41, 3, NULL, '', ''),
(2425, 47, 3, NULL, '', ''),
(2426, 36, 6, NULL, '', ''),
(2427, 7, 11, NULL, '', ''),
(2428, 58, 7, NULL, '', ''),
(2429, 61, 11, NULL, '', ''),
(2430, 61, 9, NULL, '', ''),
(2431, 46, 6, NULL, '', ''),
(2432, 78, 2, NULL, '', ''),
(2433, 81, 6, NULL, '', ''),
(2434, 29, 4, NULL, '', ''),
(2435, 55, 4, NULL, '', ''),
(2436, 59, 7, NULL, '', ''),
(2437, 51, 5, NULL, '', ''),
(2438, 21, 1, NULL, '', ''),
(2439, 29, 8, NULL, '', ''),
(2440, 37, 2, NULL, '', ''),
(2441, 31, 5, NULL, '', ''),
(2442, 81, 8, NULL, '', ''),
(2443, 35, 2, NULL, '', ''),
(2444, 15, 8, NULL, '', ''),
(2445, 56, 6, NULL, '', ''),
(2446, 25, 2, NULL, '', ''),
(2447, 55, 11, NULL, '', ''),
(2448, 80, 10, NULL, '', ''),
(2449, 42, 11, NULL, '', ''),
(2450, 3, 5, NULL, '', ''),
(2451, 70, 2, NULL, '', ''),
(2452, 11, 3, NULL, '', ''),
(2453, 53, 7, NULL, '', ''),
(2454, 10, 9, NULL, '', ''),
(2455, 36, 11, NULL, '', ''),
(2456, 29, 11, NULL, '', ''),
(2457, 54, 6, NULL, '', ''),
(2458, 37, 9, NULL, '', ''),
(2459, 55, 11, NULL, '', ''),
(2460, 54, 6, NULL, '', ''),
(2461, 45, 3, NULL, '', ''),
(2462, 30, 3, NULL, '', ''),
(2463, 6, 8, NULL, '', ''),
(2464, 81, 1, NULL, '', ''),
(2465, 16, 10, NULL, '', ''),
(2466, 68, 6, NULL, '', ''),
(2467, 81, 6, NULL, '', ''),
(2468, 38, 10, NULL, '', ''),
(2469, 75, 11, NULL, '', ''),
(2470, 13, 10, NULL, '', ''),
(2471, 60, 2, NULL, '', ''),
(2472, 36, 10, NULL, '', ''),
(2473, 68, 8, NULL, '', ''),
(2474, 64, 11, NULL, '', ''),
(2475, 42, 7, NULL, '', ''),
(2476, 43, 9, NULL, '', ''),
(2477, 39, 11, NULL, '', ''),
(2478, 25, 8, NULL, '', ''),
(2479, 31, 11, NULL, '', ''),
(2480, 41, 9, NULL, '', ''),
(2481, 12, 6, NULL, '', ''),
(2482, 10, 1, NULL, '', ''),
(2483, 76, 6, NULL, '', ''),
(2484, 64, 5, NULL, '', ''),
(2485, 44, 6, NULL, '', ''),
(2486, 5, 8, NULL, '', ''),
(2487, 26, 6, NULL, '', ''),
(2488, 35, 8, NULL, '', ''),
(2489, 20, 2, NULL, '', ''),
(2490, 63, 7, NULL, '', ''),
(2491, 35, 6, NULL, '', ''),
(2492, 17, 6, NULL, '', ''),
(2493, 77, 2, NULL, '', ''),
(2494, 4, 8, NULL, '', ''),
(2495, 22, 4, NULL, '', ''),
(2496, 60, 9, NULL, '', ''),
(2497, 41, 4, NULL, '', ''),
(2498, 1, 2, NULL, '', ''),
(2499, 42, 3, NULL, '', ''),
(2500, 57, 9, NULL, '', ''),
(2501, 49, 9, NULL, '', ''),
(2502, 6, 1, NULL, '', ''),
(2503, 69, 3, NULL, '', ''),
(2504, 48, 4, NULL, '', ''),
(2505, 49, 2, NULL, '', ''),
(2506, 78, 4, NULL, '', ''),
(2507, 70, 3, NULL, '', ''),
(2508, 53, 6, NULL, '', ''),
(2509, 44, 3, NULL, '', ''),
(2510, 28, 2, NULL, '', ''),
(2511, 50, 8, NULL, '', ''),
(2512, 42, 7, NULL, '', ''),
(2513, 27, 11, NULL, '', ''),
(2514, 54, 6, NULL, '', ''),
(2515, 52, 7, NULL, '', ''),
(2516, 7, 7, NULL, '', ''),
(2517, 65, 2, NULL, '', ''),
(2518, 29, 4, NULL, '', ''),
(2519, 43, 8, NULL, '', ''),
(2520, 73, 5, NULL, '', ''),
(2521, 17, 10, NULL, '', ''),
(2522, 63, 3, NULL, '', ''),
(2523, 77, 11, NULL, '', ''),
(2524, 3, 3, NULL, '', ''),
(2525, 3, 6, NULL, '', ''),
(2526, 31, 5, NULL, '', ''),
(2527, 71, 2, NULL, '', ''),
(2528, 12, 3, NULL, '', ''),
(2529, 66, 4, NULL, '', ''),
(2530, 3, 4, NULL, '', ''),
(2531, 32, 1, NULL, '', ''),
(2532, 2, 11, NULL, '', ''),
(2533, 76, 8, NULL, '', ''),
(2534, 40, 6, NULL, '', ''),
(2535, 68, 9, NULL, '', ''),
(2536, 32, 8, NULL, '', ''),
(2537, 2, 2, NULL, '', ''),
(2538, 60, 3, NULL, '', ''),
(2539, 67, 6, NULL, '', ''),
(2540, 5, 9, NULL, '', ''),
(2541, 60, 4, NULL, '', ''),
(2542, 30, 10, NULL, '', ''),
(2543, 26, 11, NULL, '', ''),
(2544, 52, 6, NULL, '', ''),
(2545, 32, 6, NULL, '', ''),
(2546, 46, 2, NULL, '', ''),
(2547, 16, 5, NULL, '', ''),
(2548, 52, 10, NULL, '', ''),
(2549, 22, 10, NULL, '', ''),
(2550, 33, 6, NULL, '', ''),
(2551, 17, 7, NULL, '', ''),
(2552, 28, 11, NULL, '', ''),
(2553, 54, 6, NULL, '', ''),
(2554, 29, 4, NULL, '', ''),
(2555, 58, 6, NULL, '', ''),
(2556, 35, 7, NULL, '', ''),
(2557, 60, 10, NULL, '', ''),
(2558, 1, 6, NULL, '', ''),
(2559, 40, 11, NULL, '', ''),
(2560, 16, 2, NULL, '', ''),
(2561, 15, 5, NULL, '', ''),
(2562, 52, 10, NULL, '', ''),
(2563, 49, 4, NULL, '', ''),
(2564, 48, 2, NULL, '', ''),
(2565, 68, 9, NULL, '', ''),
(2566, 36, 10, NULL, '', ''),
(2567, 70, 9, NULL, '', ''),
(2568, 23, 1, NULL, '', ''),
(2569, 42, 4, NULL, '', ''),
(2570, 15, 10, NULL, '', ''),
(2571, 61, 2, NULL, '', ''),
(2572, 43, 2, NULL, '', ''),
(2573, 19, 8, NULL, '', ''),
(2574, 58, 6, NULL, '', ''),
(2575, 42, 11, NULL, '', ''),
(2576, 16, 2, NULL, '', ''),
(2577, 80, 7, NULL, '', ''),
(2578, 1, 3, NULL, '', ''),
(2579, 27, 9, NULL, '', ''),
(2580, 6, 10, NULL, '', ''),
(2581, 24, 9, NULL, '', ''),
(2582, 2, 9, NULL, '', ''),
(2583, 64, 7, NULL, '', ''),
(2584, 57, 8, NULL, '', ''),
(2585, 14, 10, NULL, '', ''),
(2586, 81, 4, NULL, '', ''),
(2587, 35, 3, NULL, '', ''),
(2588, 81, 3, NULL, '', ''),
(2589, 8, 10, NULL, '', ''),
(2590, 75, 1, NULL, '', ''),
(2591, 54, 1, NULL, '', ''),
(2592, 15, 9, NULL, '', ''),
(2593, 34, 8, NULL, '', ''),
(2594, 26, 5, NULL, '', ''),
(2595, 25, 2, NULL, '', ''),
(2596, 73, 11, NULL, '', ''),
(2597, 18, 2, NULL, '', ''),
(2598, 12, 3, NULL, '', ''),
(2599, 65, 3, NULL, '', ''),
(2600, 68, 6, NULL, '', ''),
(2601, 62, 5, NULL, '', ''),
(2602, 75, 3, NULL, '', ''),
(2603, 46, 1, NULL, '', ''),
(2604, 41, 5, NULL, '', ''),
(2605, 33, 10, NULL, '', ''),
(2606, 12, 1, NULL, '', ''),
(2607, 81, 8, NULL, '', ''),
(2608, 53, 1, NULL, '', ''),
(2609, 31, 8, NULL, '', ''),
(2610, 24, 5, NULL, '', ''),
(2611, 8, 3, NULL, '', ''),
(2612, 8, 7, NULL, '', ''),
(2613, 71, 6, NULL, '', ''),
(2614, 64, 6, NULL, '', ''),
(2615, 79, 5, NULL, '', ''),
(2616, 25, 3, NULL, '', ''),
(2617, 13, 2, NULL, '', ''),
(2618, 21, 9, NULL, '', ''),
(2619, 22, 11, NULL, '', ''),
(2620, 75, 9, NULL, '', ''),
(2621, 12, 4, NULL, '', ''),
(2622, 28, 7, NULL, '', ''),
(2623, 9, 8, NULL, '', ''),
(2624, 78, 10, NULL, '', ''),
(2625, 19, 8, NULL, '', ''),
(2626, 62, 9, NULL, '', ''),
(2627, 38, 1, NULL, '', ''),
(2628, 76, 5, NULL, '', ''),
(2629, 35, 10, NULL, '', ''),
(2630, 70, 9, NULL, '', ''),
(2631, 29, 5, NULL, '', ''),
(2632, 73, 4, NULL, '', ''),
(2633, 75, 8, NULL, '', ''),
(2634, 41, 7, NULL, '', ''),
(2635, 19, 6, NULL, '', ''),
(2636, 68, 7, NULL, '', ''),
(2637, 56, 6, NULL, '', ''),
(2638, 49, 5, NULL, '', ''),
(2639, 10, 5, NULL, '', ''),
(2640, 73, 2, NULL, '', ''),
(2641, 3, 8, NULL, '', ''),
(2642, 34, 11, NULL, '', ''),
(2643, 43, 9, NULL, '', ''),
(2644, 19, 10, NULL, '', ''),
(2645, 48, 5, NULL, '', ''),
(2646, 16, 9, NULL, '', ''),
(2647, 27, 4, NULL, '', ''),
(2648, 45, 10, NULL, '', ''),
(2649, 41, 11, NULL, '', ''),
(2650, 38, 4, NULL, '', ''),
(2651, 33, 11, NULL, '', ''),
(2652, 44, 9, NULL, '', ''),
(2653, 38, 10, NULL, '', ''),
(2654, 4, 6, NULL, '', ''),
(2655, 45, 2, NULL, '', ''),
(2656, 1, 7, NULL, '', ''),
(2657, 14, 11, NULL, '', ''),
(2658, 10, 10, NULL, '', ''),
(2659, 69, 8, NULL, '', ''),
(2660, 72, 5, NULL, '', ''),
(2661, 23, 3, NULL, '', ''),
(2662, 19, 6, NULL, '', ''),
(2663, 63, 5, NULL, '', ''),
(2664, 50, 11, NULL, '', ''),
(2665, 59, 10, NULL, '', ''),
(2666, 22, 8, NULL, '', ''),
(2667, 35, 3, NULL, '', ''),
(2668, 58, 11, NULL, '', ''),
(2669, 54, 5, NULL, '', ''),
(2670, 12, 5, NULL, '', ''),
(2671, 57, 3, NULL, '', ''),
(2672, 10, 10, NULL, '', ''),
(2673, 70, 9, NULL, '', ''),
(2674, 20, 10, NULL, '', ''),
(2675, 67, 5, NULL, '', ''),
(2676, 37, 2, NULL, '', ''),
(2677, 13, 6, NULL, '', ''),
(2678, 67, 9, NULL, '', ''),
(2679, 26, 4, NULL, '', ''),
(2680, 45, 10, NULL, '', ''),
(2681, 56, 10, NULL, '', ''),
(2682, 4, 9, NULL, '', ''),
(2683, 60, 4, NULL, '', ''),
(2684, 45, 8, NULL, '', ''),
(2685, 62, 9, NULL, '', ''),
(2686, 46, 6, NULL, '', ''),
(2687, 70, 9, NULL, '', ''),
(2688, 13, 6, NULL, '', ''),
(2689, 20, 7, NULL, '', ''),
(2690, 22, 6, NULL, '', ''),
(2691, 70, 8, NULL, '', ''),
(2692, 80, 9, NULL, '', ''),
(2693, 74, 3, NULL, '', ''),
(2694, 28, 1, NULL, '', ''),
(2695, 27, 5, NULL, '', ''),
(2696, 20, 10, NULL, '', ''),
(2697, 55, 8, NULL, '', ''),
(2698, 39, 4, NULL, '', ''),
(2699, 81, 2, NULL, '', ''),
(2700, 43, 4, NULL, '', ''),
(2701, 2, 2, NULL, '', ''),
(2702, 45, 5, NULL, '', ''),
(2703, 23, 3, NULL, '', ''),
(2704, 28, 11, NULL, '', ''),
(2705, 77, 9, NULL, '', ''),
(2706, 71, 2, NULL, '', ''),
(2707, 81, 7, NULL, '', ''),
(2708, 80, 2, NULL, '', ''),
(2709, 57, 2, NULL, '', ''),
(2710, 43, 3, NULL, '', ''),
(2711, 49, 4, NULL, '', ''),
(2712, 64, 11, NULL, '', ''),
(2713, 40, 6, NULL, '', ''),
(2714, 7, 10, NULL, '', ''),
(2715, 21, 6, NULL, '', ''),
(2716, 77, 2, NULL, '', ''),
(2717, 62, 5, NULL, '', ''),
(2718, 77, 5, NULL, '', ''),
(2719, 13, 7, NULL, '', ''),
(2720, 28, 1, NULL, '', ''),
(2721, 2, 2, NULL, '', ''),
(2722, 34, 9, NULL, '', ''),
(2723, 54, 11, NULL, '', ''),
(2724, 72, 6, NULL, '', ''),
(2725, 60, 3, NULL, '', ''),
(2726, 1, 4, NULL, '', ''),
(2727, 49, 11, NULL, '', ''),
(2728, 16, 11, NULL, '', ''),
(2729, 21, 5, NULL, '', ''),
(2730, 14, 8, NULL, '', ''),
(2731, 70, 4, NULL, '', ''),
(2732, 65, 2, NULL, '', ''),
(2733, 33, 6, NULL, '', ''),
(2734, 36, 7, NULL, '', ''),
(2735, 55, 7, NULL, '', ''),
(2736, 74, 9, NULL, '', ''),
(2737, 14, 6, NULL, '', ''),
(2738, 2, 7, NULL, '', ''),
(2739, 74, 9, NULL, '', ''),
(2740, 6, 1, NULL, '', ''),
(2741, 4, 1, NULL, '', ''),
(2742, 19, 11, NULL, '', ''),
(2743, 81, 2, NULL, '', ''),
(2744, 73, 11, NULL, '', ''),
(2745, 77, 11, NULL, '', ''),
(2746, 68, 5, NULL, '', ''),
(2747, 29, 8, NULL, '', ''),
(2748, 25, 6, NULL, '', ''),
(2749, 40, 11, NULL, '', ''),
(2750, 38, 5, NULL, '', ''),
(2751, 46, 7, NULL, '', ''),
(2752, 39, 6, NULL, '', ''),
(2753, 79, 5, NULL, '', ''),
(2754, 16, 8, NULL, '', ''),
(2755, 76, 7, NULL, '', ''),
(2756, 2, 5, NULL, '', ''),
(2757, 72, 3, NULL, '', ''),
(2758, 45, 1, NULL, '', ''),
(2759, 36, 2, NULL, '', ''),
(2760, 28, 4, NULL, '', ''),
(2761, 52, 2, NULL, '', ''),
(2762, 80, 5, NULL, '', ''),
(2763, 73, 5, NULL, '', ''),
(2764, 12, 7, NULL, '', ''),
(2765, 60, 9, NULL, '', ''),
(2766, 49, 8, NULL, '', ''),
(2767, 57, 5, NULL, '', ''),
(2768, 79, 7, NULL, '', ''),
(2769, 2, 5, NULL, '', ''),
(2770, 62, 8, NULL, '', ''),
(2771, 22, 3, NULL, '', ''),
(2772, 21, 7, NULL, '', ''),
(2773, 30, 11, NULL, '', ''),
(2774, 53, 5, NULL, '', ''),
(2775, 4, 1, NULL, '', ''),
(2776, 4, 2, NULL, '', ''),
(2777, 35, 9, NULL, '', ''),
(2778, 53, 10, NULL, '', ''),
(2779, 37, 7, NULL, '', ''),
(2780, 64, 1, NULL, '', ''),
(2781, 72, 3, NULL, '', ''),
(2782, 49, 3, NULL, '', ''),
(2783, 35, 5, NULL, '', ''),
(2784, 54, 2, NULL, '', ''),
(2785, 66, 6, NULL, '', ''),
(2786, 24, 10, NULL, '', ''),
(2787, 32, 5, NULL, '', ''),
(2788, 55, 3, NULL, '', ''),
(2789, 21, 6, NULL, '', ''),
(2790, 67, 6, NULL, '', ''),
(2791, 21, 8, NULL, '', ''),
(2792, 35, 3, NULL, '', ''),
(2793, 73, 9, NULL, '', ''),
(2794, 7, 2, NULL, '', ''),
(2795, 50, 6, NULL, '', ''),
(2796, 60, 2, NULL, '', ''),
(2797, 33, 8, NULL, '', ''),
(2798, 8, 6, NULL, '', ''),
(2799, 14, 4, NULL, '', ''),
(2800, 19, 2, NULL, '', ''),
(2801, 68, 10, NULL, '', ''),
(2802, 59, 2, NULL, '', ''),
(2803, 26, 3, NULL, '', ''),
(2804, 31, 2, NULL, '', ''),
(2805, 38, 11, NULL, '', ''),
(2806, 26, 9, NULL, '', ''),
(2807, 71, 1, NULL, '', ''),
(2808, 60, 5, NULL, '', ''),
(2809, 5, 11, NULL, '', ''),
(2810, 44, 10, NULL, '', ''),
(2811, 53, 8, NULL, '', ''),
(2812, 47, 9, NULL, '', ''),
(2813, 11, 4, NULL, '', ''),
(2814, 29, 8, NULL, '', ''),
(2815, 30, 9, NULL, '', ''),
(2816, 59, 4, NULL, '', ''),
(2817, 34, 2, NULL, '', ''),
(2818, 35, 9, NULL, '', ''),
(2819, 30, 7, NULL, '', ''),
(2820, 6, 5, NULL, '', ''),
(2821, 76, 5, NULL, '', ''),
(2822, 16, 9, NULL, '', ''),
(2823, 25, 2, NULL, '', ''),
(2824, 77, 3, NULL, '', ''),
(2825, 15, 4, NULL, '', ''),
(2826, 81, 1, NULL, '', ''),
(2827, 16, 10, NULL, '', ''),
(2828, 66, 5, NULL, '', ''),
(2829, 52, 11, NULL, '', ''),
(2830, 63, 1, NULL, '', ''),
(2831, 4, 1, NULL, '', ''),
(2832, 75, 7, NULL, '', ''),
(2833, 3, 6, NULL, '', ''),
(2834, 27, 3, NULL, '', ''),
(2835, 81, 5, NULL, '', ''),
(2836, 75, 5, NULL, '', ''),
(2837, 37, 11, NULL, '', ''),
(2838, 31, 1, NULL, '', ''),
(2839, 10, 5, NULL, '', ''),
(2840, 67, 9, NULL, '', ''),
(2841, 37, 10, NULL, '', ''),
(2842, 11, 11, NULL, '', ''),
(2843, 46, 10, NULL, '', ''),
(2844, 38, 10, NULL, '', ''),
(2845, 68, 7, NULL, '', ''),
(2846, 49, 2, NULL, '', ''),
(2847, 66, 8, NULL, '', ''),
(2848, 2, 1, NULL, '', ''),
(2849, 15, 9, NULL, '', ''),
(2850, 14, 8, NULL, '', ''),
(2851, 55, 5, NULL, '', ''),
(2852, 17, 8, NULL, '', ''),
(2853, 71, 3, NULL, '', ''),
(2854, 56, 7, NULL, '', ''),
(2855, 11, 8, NULL, '', ''),
(2856, 20, 1, NULL, '', ''),
(2857, 34, 1, NULL, '', ''),
(2858, 65, 11, NULL, '', ''),
(2859, 32, 1, NULL, '', ''),
(2860, 15, 8, NULL, '', ''),
(2861, 78, 8, NULL, '', ''),
(2862, 36, 3, NULL, '', ''),
(2863, 61, 1, NULL, '', ''),
(2864, 17, 9, NULL, '', ''),
(2865, 21, 11, NULL, '', ''),
(2866, 77, 10, NULL, '', ''),
(2867, 46, 3, NULL, '', ''),
(2868, 24, 10, NULL, '', ''),
(2869, 44, 1, NULL, '', ''),
(2870, 40, 5, NULL, '', ''),
(2871, 47, 7, NULL, '', ''),
(2872, 30, 11, NULL, '', ''),
(2873, 70, 4, NULL, '', ''),
(2874, 72, 7, NULL, '', ''),
(2875, 9, 10, NULL, '', ''),
(2876, 13, 1, NULL, '', ''),
(2877, 73, 3, NULL, '', ''),
(2878, 54, 6, NULL, '', ''),
(2879, 36, 9, NULL, '', ''),
(2880, 33, 9, NULL, '', ''),
(2881, 55, 1, NULL, '', ''),
(2882, 20, 1, NULL, '', ''),
(2883, 43, 6, NULL, '', ''),
(2884, 67, 8, NULL, '', ''),
(2885, 72, 5, NULL, '', ''),
(2886, 35, 10, NULL, '', ''),
(2887, 9, 10, NULL, '', ''),
(2888, 18, 4, NULL, '', ''),
(2889, 6, 4, NULL, '', ''),
(2890, 23, 6, NULL, '', ''),
(2891, 49, 7, NULL, '', ''),
(2892, 81, 4, NULL, '', ''),
(2893, 41, 7, NULL, '', ''),
(2894, 43, 9, NULL, '', ''),
(2895, 32, 7, NULL, '', ''),
(2896, 55, 8, NULL, '', ''),
(2897, 26, 7, NULL, '', ''),
(2898, 76, 11, NULL, '', ''),
(2899, 74, 8, NULL, '', ''),
(2900, 61, 8, NULL, '', ''),
(2901, 81, 1, NULL, '', ''),
(2902, 17, 11, NULL, '', ''),
(2903, 79, 2, NULL, '', ''),
(2904, 50, 9, NULL, '', ''),
(2905, 79, 7, NULL, '', ''),
(2906, 75, 11, NULL, '', ''),
(2907, 67, 4, NULL, '', ''),
(2908, 25, 6, NULL, '', ''),
(2909, 32, 7, NULL, '', ''),
(2910, 55, 8, NULL, '', ''),
(2911, 22, 4, NULL, '', ''),
(2912, 79, 9, NULL, '', ''),
(2913, 79, 6, NULL, '', ''),
(2914, 56, 10, NULL, '', ''),
(2915, 27, 1, NULL, '', ''),
(2916, 3, 2, NULL, '', ''),
(2917, 50, 8, NULL, '', ''),
(2918, 35, 2, NULL, '', ''),
(2919, 44, 2, NULL, '', ''),
(2920, 23, 10, NULL, '', ''),
(2921, 42, 11, NULL, '', ''),
(2922, 26, 8, NULL, '', ''),
(2923, 24, 6, NULL, '', ''),
(2924, 48, 6, NULL, '', ''),
(2925, 44, 4, NULL, '', ''),
(2926, 5, 4, NULL, '', ''),
(2927, 19, 4, NULL, '', ''),
(2928, 60, 10, NULL, '', ''),
(2929, 73, 1, NULL, '', ''),
(2930, 40, 4, NULL, '', ''),
(2931, 20, 2, NULL, '', ''),
(2932, 4, 9, NULL, '', ''),
(2933, 56, 2, NULL, '', ''),
(2934, 49, 7, NULL, '', ''),
(2935, 24, 7, NULL, '', ''),
(2936, 14, 1, NULL, '', ''),
(2937, 43, 7, NULL, '', ''),
(2938, 34, 4, NULL, '', ''),
(2939, 17, 2, NULL, '', ''),
(2940, 18, 7, NULL, '', ''),
(2941, 20, 5, NULL, '', ''),
(2942, 42, 3, NULL, '', ''),
(2943, 56, 8, NULL, '', ''),
(2944, 30, 9, NULL, '', ''),
(2945, 58, 3, NULL, '', ''),
(2946, 12, 11, NULL, '', ''),
(2947, 36, 4, NULL, '', ''),
(2948, 7, 6, NULL, '', ''),
(2949, 36, 7, NULL, '', ''),
(2950, 53, 5, NULL, '', ''),
(2951, 23, 1, NULL, '', ''),
(2952, 46, 7, NULL, '', ''),
(2953, 10, 11, NULL, '', ''),
(2954, 24, 8, NULL, '', ''),
(2955, 32, 1, NULL, '', ''),
(2956, 72, 5, NULL, '', ''),
(2957, 20, 1, NULL, '', ''),
(2958, 51, 10, NULL, '', ''),
(2959, 49, 4, NULL, '', ''),
(2960, 75, 7, NULL, '', ''),
(2961, 80, 4, NULL, '', ''),
(2962, 39, 6, NULL, '', ''),
(2963, 21, 7, NULL, '', ''),
(2964, 34, 2, NULL, '', ''),
(2965, 47, 5, NULL, '', ''),
(2966, 23, 2, NULL, '', ''),
(2967, 79, 5, NULL, '', ''),
(2968, 80, 9, NULL, '', ''),
(2969, 77, 5, NULL, '', ''),
(2970, 9, 4, NULL, '', ''),
(2971, 36, 2, NULL, '', ''),
(2972, 31, 6, NULL, '', ''),
(2973, 19, 8, NULL, '', ''),
(2974, 74, 5, NULL, '', ''),
(2975, 19, 11, NULL, '', ''),
(2976, 20, 3, NULL, '', ''),
(2977, 37, 7, NULL, '', ''),
(2978, 39, 8, NULL, '', ''),
(2979, 68, 3, NULL, '', ''),
(2980, 57, 9, NULL, '', ''),
(2981, 58, 3, NULL, '', ''),
(2982, 12, 11, NULL, '', ''),
(2983, 25, 8, NULL, '', ''),
(2984, 46, 8, NULL, '', ''),
(2985, 68, 1, NULL, '', ''),
(2986, 61, 7, NULL, '', ''),
(2987, 59, 10, NULL, '', ''),
(2988, 5, 8, NULL, '', ''),
(2989, 35, 1, NULL, '', ''),
(2990, 60, 8, NULL, '', ''),
(2991, 15, 10, NULL, '', ''),
(2992, 64, 4, NULL, '', ''),
(2993, 24, 6, NULL, '', ''),
(2994, 42, 2, NULL, '', ''),
(2995, 15, 5, NULL, '', ''),
(2996, 57, 2, NULL, '', ''),
(2997, 53, 9, NULL, '', ''),
(2998, 7, 11, NULL, '', ''),
(2999, 55, 5, NULL, '', ''),
(3000, 12, 5, NULL, '', ''),
(3001, 51, 10, NULL, '', ''),
(3002, 39, 9, NULL, '', ''),
(3003, 33, 8, NULL, '', ''),
(3004, 33, 9, NULL, '', ''),
(3005, 73, 1, NULL, '', ''),
(3006, 37, 2, NULL, '', ''),
(3007, 35, 8, NULL, '', ''),
(3008, 15, 9, NULL, '', ''),
(3009, 38, 10, NULL, '', ''),
(3010, 13, 1, NULL, '', ''),
(3011, 57, 5, NULL, '', ''),
(3012, 78, 6, NULL, '', ''),
(3013, 68, 7, NULL, '', ''),
(3014, 27, 11, NULL, '', ''),
(3015, 62, 11, NULL, '', ''),
(3016, 38, 6, NULL, '', ''),
(3017, 2, 7, NULL, '', ''),
(3018, 5, 5, NULL, '', ''),
(3019, 68, 11, NULL, '', ''),
(3020, 25, 7, NULL, '', ''),
(3021, 19, 3, NULL, '', ''),
(3022, 46, 2, NULL, '', ''),
(3023, 63, 7, NULL, '', ''),
(3024, 39, 8, NULL, '', ''),
(3025, 9, 5, NULL, '', ''),
(3026, 50, 11, NULL, '', ''),
(3027, 63, 1, NULL, '', ''),
(3028, 7, 2, NULL, '', ''),
(3029, 52, 7, NULL, '', ''),
(3030, 23, 6, NULL, '', ''),
(3031, 43, 3, NULL, '', ''),
(3032, 40, 10, NULL, '', ''),
(3033, 51, 8, NULL, '', ''),
(3034, 36, 3, NULL, '', ''),
(3035, 54, 8, NULL, '', ''),
(3036, 45, 8, NULL, '', ''),
(3037, 50, 1, NULL, '', ''),
(3038, 50, 9, NULL, '', ''),
(3039, 16, 6, NULL, '', ''),
(3040, 4, 8, NULL, '', ''),
(3041, 12, 9, NULL, '', ''),
(3042, 24, 3, NULL, '', ''),
(3043, 17, 5, NULL, '', ''),
(3044, 29, 7, NULL, '', ''),
(3045, 68, 5, NULL, '', ''),
(3046, 62, 5, NULL, '', ''),
(3047, 66, 9, NULL, '', ''),
(3048, 42, 3, NULL, '', ''),
(3049, 44, 1, NULL, '', ''),
(3050, 50, 11, NULL, '', ''),
(3051, 64, 2, NULL, '', ''),
(3052, 36, 8, NULL, '', ''),
(3053, 13, 8, NULL, '', ''),
(3054, 80, 10, NULL, '', ''),
(3055, 30, 3, NULL, '', ''),
(3056, 6, 8, NULL, '', ''),
(3057, 81, 1, NULL, '', ''),
(3058, 20, 1, NULL, '', ''),
(3059, 49, 9, NULL, '', ''),
(3060, 20, 9, NULL, '', ''),
(3061, 8, 3, NULL, '', ''),
(3062, 59, 1, NULL, '', ''),
(3063, 73, 5, NULL, '', ''),
(3064, 35, 10, NULL, '', ''),
(3065, 5, 8, NULL, '', ''),
(3066, 14, 10, NULL, '', ''),
(3067, 63, 3, NULL, '', ''),
(3068, 1, 3, NULL, '', ''),
(3069, 26, 9, NULL, '', ''),
(3070, 75, 4, NULL, '', ''),
(3071, 50, 3, NULL, '', ''),
(3072, 33, 3, NULL, '', ''),
(3073, 5, 6, NULL, '', ''),
(3074, 40, 10, NULL, '', ''),
(3075, 54, 10, NULL, '', ''),
(3076, 21, 8, NULL, '', ''),
(3077, 68, 1, NULL, '', ''),
(3078, 42, 7, NULL, '', ''),
(3079, 24, 9, NULL, '', ''),
(3080, 71, 2, NULL, '', ''),
(3081, 3, 9, NULL, '', ''),
(3082, 52, 11, NULL, '', ''),
(3083, 75, 8, NULL, '', ''),
(3084, 58, 5, NULL, '', ''),
(3085, 9, 3, NULL, '', ''),
(3086, 62, 2, NULL, '', ''),
(3087, 43, 2, NULL, '', ''),
(3088, 17, 6, NULL, '', ''),
(3089, 1, 6, NULL, '', ''),
(3090, 25, 2, NULL, '', ''),
(3091, 65, 7, NULL, '', ''),
(3092, 28, 1, NULL, '', ''),
(3093, 33, 9, NULL, '', ''),
(3094, 44, 5, NULL, '', ''),
(3095, 40, 3, NULL, '', ''),
(3096, 43, 1, NULL, '', ''),
(3097, 40, 5, NULL, '', ''),
(3098, 41, 4, NULL, '', ''),
(3099, 19, 1, NULL, '', ''),
(3100, 63, 7, NULL, '', ''),
(3101, 45, 1, NULL, '', ''),
(3102, 41, 5, NULL, '', ''),
(3103, 47, 8, NULL, '', ''),
(3104, 42, 7, NULL, '', ''),
(3105, 47, 11, NULL, '', ''),
(3106, 16, 1, NULL, '', ''),
(3107, 37, 3, NULL, '', ''),
(3108, 72, 8, NULL, '', ''),
(3109, 61, 8, NULL, '', ''),
(3110, 16, 10, NULL, '', ''),
(3111, 70, 7, NULL, '', ''),
(3112, 41, 8, NULL, '', ''),
(3113, 73, 5, NULL, '', ''),
(3114, 41, 3, NULL, '', ''),
(3115, 39, 9, NULL, '', ''),
(3116, 42, 3, NULL, '', ''),
(3117, 45, 1, NULL, '', ''),
(3118, 57, 4, NULL, '', ''),
(3119, 35, 3, NULL, '', ''),
(3120, 69, 7, NULL, '', ''),
(3121, 20, 7, NULL, '', ''),
(3122, 5, 7, NULL, '', ''),
(3123, 62, 1, NULL, '', ''),
(3124, 71, 4, NULL, '', ''),
(3125, 63, 1, NULL, '', ''),
(3126, 60, 8, NULL, '', ''),
(3127, 6, 4, NULL, '', ''),
(3128, 50, 11, NULL, '', ''),
(3129, 6, 5, NULL, '', ''),
(3130, 69, 11, NULL, '', ''),
(3131, 26, 8, NULL, '', ''),
(3132, 40, 5, NULL, '', ''),
(3133, 36, 1, NULL, '', ''),
(3134, 80, 8, NULL, '', ''),
(3135, 51, 1, NULL, '', ''),
(3136, 10, 7, NULL, '', ''),
(3137, 47, 2, NULL, '', ''),
(3138, 66, 9, NULL, '', ''),
(3139, 27, 5, NULL, '', ''),
(3140, 73, 4, NULL, '', ''),
(3141, 10, 6, NULL, '', ''),
(3142, 14, 4, NULL, '', ''),
(3143, 2, 3, NULL, '', ''),
(3144, 76, 1, NULL, '', ''),
(3145, 46, 7, NULL, '', ''),
(3146, 18, 4, NULL, '', ''),
(3147, 5, 4, NULL, '', ''),
(3148, 17, 3, NULL, '', ''),
(3149, 26, 1, NULL, '', ''),
(3150, 16, 10, NULL, '', ''),
(3151, 56, 10, NULL, '', ''),
(3152, 22, 9, NULL, '', ''),
(3153, 81, 8, NULL, '', ''),
(3154, 35, 2, NULL, '', ''),
(3155, 20, 10, NULL, '', ''),
(3156, 60, 1, NULL, '', ''),
(3157, 67, 2, NULL, '', ''),
(3158, 4, 10, NULL, '', ''),
(3159, 24, 10, NULL, '', ''),
(3160, 20, 8, NULL, '', ''),
(3161, 71, 3, NULL, '', ''),
(3162, 28, 2, NULL, '', ''),
(3163, 50, 8, NULL, '', ''),
(3164, 38, 4, NULL, '', ''),
(3165, 30, 9, NULL, '', ''),
(3166, 64, 7, NULL, '', ''),
(3167, 40, 9, NULL, '', ''),
(3168, 20, 11, NULL, '', ''),
(3169, 17, 1, NULL, '', ''),
(3170, 66, 9, NULL, '', ''),
(3171, 47, 6, NULL, '', ''),
(3172, 53, 10, NULL, '', ''),
(3173, 17, 6, NULL, '', ''),
(3174, 80, 4, NULL, '', ''),
(3175, 67, 1, NULL, '', ''),
(3176, 63, 8, NULL, '', ''),
(3177, 15, 9, NULL, '', ''),
(3178, 35, 9, NULL, '', ''),
(3179, 34, 10, NULL, '', ''),
(3180, 8, 10, NULL, '', ''),
(3181, 81, 5, NULL, '', ''),
(3182, 5, 1, NULL, '', ''),
(3183, 2, 11, NULL, '', ''),
(3184, 66, 2, NULL, '', ''),
(3185, 28, 3, NULL, '', ''),
(3186, 20, 5, NULL, '', ''),
(3187, 33, 9, NULL, '', ''),
(3188, 46, 6, NULL, '', ''),
(3189, 80, 4, NULL, '', ''),
(3190, 46, 10, NULL, '', ''),
(3191, 63, 3, NULL, '', ''),
(3192, 51, 6, NULL, '', ''),
(3193, 65, 5, NULL, '', ''),
(3194, 55, 2, NULL, '', ''),
(3195, 52, 9, NULL, '', ''),
(3196, 73, 3, NULL, '', ''),
(3197, 31, 3, NULL, '', ''),
(3198, 10, 10, NULL, '', ''),
(3199, 72, 10, NULL, '', ''),
(3200, 53, 8, NULL, '', ''),
(3201, 28, 9, NULL, '', ''),
(3202, 56, 3, NULL, '', ''),
(3203, 72, 10, NULL, '', ''),
(3204, 50, 6, NULL, '', ''),
(3205, 63, 4, NULL, '', ''),
(3206, 8, 7, NULL, '', ''),
(3207, 68, 4, NULL, '', ''),
(3208, 8, 6, NULL, '', ''),
(3209, 9, 2, NULL, '', ''),
(3210, 21, 11, NULL, '', ''),
(3211, 66, 4, NULL, '', ''),
(3212, 8, 6, NULL, '', ''),
(3213, 32, 4, NULL, '', ''),
(3214, 52, 2, NULL, '', ''),
(3215, 52, 10, NULL, '', ''),
(3216, 34, 6, NULL, '', ''),
(3217, 12, 4, NULL, '', ''),
(3218, 1, 3, NULL, '', ''),
(3219, 72, 10, NULL, '', ''),
(3220, 52, 7, NULL, '', ''),
(3221, 15, 1, NULL, '', ''),
(3222, 58, 5, NULL, '', ''),
(3223, 76, 5, NULL, '', ''),
(3224, 31, 7, NULL, '', ''),
(3225, 52, 6, NULL, '', ''),
(3226, 66, 5, NULL, '', ''),
(3227, 48, 8, NULL, '', ''),
(3228, 63, 9, NULL, '', ''),
(3229, 32, 9, NULL, '', ''),
(3230, 47, 7, NULL, '', ''),
(3231, 32, 1, NULL, '', ''),
(3232, 19, 11, NULL, '', ''),
(3233, 71, 7, NULL, '', ''),
(3234, 38, 5, NULL, '', ''),
(3235, 71, 11, NULL, '', ''),
(3236, 31, 11, NULL, '', ''),
(3237, 34, 4, NULL, '', ''),
(3238, 43, 7, NULL, '', ''),
(3239, 21, 7, NULL, '', ''),
(3240, 2, 5, NULL, '', ''),
(3241, 16, 7, NULL, '', ''),
(3242, 37, 5, NULL, '', ''),
(3243, 70, 11, NULL, '', ''),
(3244, 21, 4, NULL, '', ''),
(3245, 2, 1, NULL, '', ''),
(3246, 5, 3, NULL, '', ''),
(3247, 73, 10, NULL, '', ''),
(3248, 43, 2, NULL, '', ''),
(3249, 76, 4, NULL, '', ''),
(3250, 79, 9, NULL, '', ''),
(3251, 79, 6, NULL, '', ''),
(3252, 53, 8, NULL, '', ''),
(3253, 54, 2, NULL, '', ''),
(3254, 60, 3, NULL, '', ''),
(3255, 4, 6, NULL, '', ''),
(3256, 15, 6, NULL, '', ''),
(3257, 9, 11, NULL, '', ''),
(3258, 23, 7, NULL, '', ''),
(3259, 22, 6, NULL, '', ''),
(3260, 52, 8, NULL, '', ''),
(3261, 51, 1, NULL, '', ''),
(3262, 17, 11, NULL, '', ''),
(3263, 18, 3, NULL, '', ''),
(3264, 28, 1, NULL, '', ''),
(3265, 32, 8, NULL, '', ''),
(3266, 36, 11, NULL, '', ''),
(3267, 56, 5, NULL, '', ''),
(3268, 16, 7, NULL, '', ''),
(3269, 39, 6, NULL, '', ''),
(3270, 19, 7, NULL, '', ''),
(3271, 12, 1, NULL, '', ''),
(3272, 57, 5, NULL, '', ''),
(3273, 70, 2, NULL, '', ''),
(3274, 12, 4, NULL, '', ''),
(3275, 1, 2, NULL, '', ''),
(3276, 71, 9, NULL, '', ''),
(3277, 32, 7, NULL, '', ''),
(3278, 49, 4, NULL, '', ''),
(3279, 66, 1, NULL, '', ''),
(3280, 75, 5, NULL, '', ''),
(3281, 29, 6, NULL, '', ''),
(3282, 26, 2, NULL, '', ''),
(3283, 75, 1, NULL, '', ''),
(3284, 46, 7, NULL, '', ''),
(3285, 37, 5, NULL, '', ''),
(3286, 45, 7, NULL, '', ''),
(3287, 24, 8, NULL, '', ''),
(3288, 55, 3, NULL, '', ''),
(3289, 13, 1, NULL, '', ''),
(3290, 74, 4, NULL, '', ''),
(3291, 64, 1, NULL, '', ''),
(3292, 64, 10, NULL, '', ''),
(3293, 70, 9, NULL, '', ''),
(3294, 24, 2, NULL, '', ''),
(3295, 59, 3, NULL, '', ''),
(3296, 10, 10, NULL, '', ''),
(3297, 68, 8, NULL, '', ''),
(3298, 67, 2, NULL, '', ''),
(3299, 3, 10, NULL, '', ''),
(3300, 22, 8, NULL, '', ''),
(3301, 66, 10, NULL, '', ''),
(3302, 74, 11, NULL, '', ''),
(3303, 78, 11, NULL, '', ''),
(3304, 9, 7, NULL, '', ''),
(3305, 34, 5, NULL, '', ''),
(3306, 64, 9, NULL, '', ''),
(3307, 24, 3, NULL, '', ''),
(3308, 28, 1, NULL, '', ''),
(3309, 79, 10, NULL, '', ''),
(3310, 31, 4, NULL, '', ''),
(3311, 32, 1, NULL, '', ''),
(3312, 75, 6, NULL, '', ''),
(3313, 77, 2, NULL, '', ''),
(3314, 61, 5, NULL, '', ''),
(3315, 53, 2, NULL, '', ''),
(3316, 50, 9, NULL, '', ''),
(3317, 67, 10, NULL, '', ''),
(3318, 2, 5, NULL, '', ''),
(3319, 75, 5, NULL, '', ''),
(3320, 32, 8, NULL, '', ''),
(3321, 11, 8, NULL, '', ''),
(3322, 5, 3, NULL, '', ''),
(3323, 63, 4, NULL, '', ''),
(3324, 23, 5, NULL, '', ''),
(3325, 26, 3, NULL, '', ''),
(3326, 34, 3, NULL, '', ''),
(3327, 5, 6, NULL, '', ''),
(3328, 36, 7, NULL, '', ''),
(3329, 70, 4, NULL, '', ''),
(3330, 20, 2, NULL, '', ''),
(3331, 65, 8, NULL, '', ''),
(3332, 7, 4, NULL, '', ''),
(3333, 36, 2, NULL, '', ''),
(3334, 42, 1, NULL, '', ''),
(3335, 57, 4, NULL, '', ''),
(3336, 53, 3, NULL, '', ''),
(3337, 7, 9, NULL, '', ''),
(3338, 58, 2, NULL, '', ''),
(3339, 61, 3, NULL, '', ''),
(3340, 66, 5, NULL, '', ''),
(3341, 48, 8, NULL, '', ''),
(3342, 68, 11, NULL, '', ''),
(3343, 41, 6, NULL, '', ''),
(3344, 11, 1, NULL, '', ''),
(3345, 73, 4, NULL, '', ''),
(3346, 69, 4, NULL, '', ''),
(3347, 11, 7, NULL, '', ''),
(3348, 64, 1, NULL, '', ''),
(3349, 63, 9, NULL, '', ''),
(3350, 39, 2, NULL, '', ''),
(3351, 14, 6, NULL, '', ''),
(3352, 73, 1, NULL, '', ''),
(3353, 42, 5, NULL, '', ''),
(3354, 55, 1, NULL, '', ''),
(3355, 11, 7, NULL, '', ''),
(3356, 30, 2, NULL, '', ''),
(3357, 60, 3, NULL, '', ''),
(3358, 61, 2, NULL, '', ''),
(3359, 41, 1, NULL, '', ''),
(3360, 62, 8, NULL, '', ''),
(3361, 1, 1, NULL, '', ''),
(3362, 21, 1, NULL, '', ''),
(3363, 54, 1, NULL, '', ''),
(3364, 31, 8, NULL, '', ''),
(3365, 22, 4, NULL, '', ''),
(3366, 53, 4, NULL, '', ''),
(3367, 71, 3, NULL, '', ''),
(3368, 61, 10, NULL, '', ''),
(3369, 24, 8, NULL, '', ''),
(3370, 61, 7, NULL, '', ''),
(3371, 51, 5, NULL, '', ''),
(3372, 9, 4, NULL, '', ''),
(3373, 25, 6, NULL, '', ''),
(3374, 64, 4, NULL, '', ''),
(3375, 14, 11, NULL, '', ''),
(3376, 7, 8, NULL, '', ''),
(3377, 3, 3, NULL, '', ''),
(3378, 75, 11, NULL, '', ''),
(3379, 17, 1, NULL, '', ''),
(3380, 52, 1, NULL, '', ''),
(3381, 16, 11, NULL, '', ''),
(3382, 2, 4, NULL, '', ''),
(3383, 47, 10, NULL, '', ''),
(3384, 59, 11, NULL, '', ''),
(3385, 52, 4, NULL, '', ''),
(3386, 45, 10, NULL, '', ''),
(3387, 61, 1, NULL, '', ''),
(3388, 13, 6, NULL, '', ''),
(3389, 19, 6, NULL, '', ''),
(3390, 75, 1, NULL, '', ''),
(3391, 34, 11, NULL, '', ''),
(3392, 46, 11, NULL, '', ''),
(3393, 76, 10, NULL, '', ''),
(3394, 50, 5, NULL, '', ''),
(3395, 21, 1, NULL, '', ''),
(3396, 29, 8, NULL, '', ''),
(3397, 30, 9, NULL, '', ''),
(3398, 69, 10, NULL, '', ''),
(3399, 65, 5, NULL, '', ''),
(3400, 48, 9, NULL, '', ''),
(3401, 77, 6, NULL, '', ''),
(3402, 58, 1, NULL, '', ''),
(3403, 3, 1, NULL, '', ''),
(3404, 15, 9, NULL, '', ''),
(3405, 16, 8, NULL, '', ''),
(3406, 3, 11, NULL, '', ''),
(3407, 69, 4, NULL, '', ''),
(3408, 71, 6, NULL, '', ''),
(3409, 66, 7, NULL, '', ''),
(3410, 40, 8, NULL, '', ''),
(3411, 10, 5, NULL, '', ''),
(3412, 60, 5, NULL, '', ''),
(3413, 67, 10, NULL, '', ''),
(3414, 81, 4, NULL, '', ''),
(3415, 34, 3, NULL, '', ''),
(3416, 72, 9, NULL, '', ''),
(3417, 9, 4, NULL, '', ''),
(3418, 8, 7, NULL, '', ''),
(3419, 67, 3, NULL, '', ''),
(3420, 59, 10, NULL, '', ''),
(3421, 26, 10, NULL, '', ''),
(3422, 45, 1, NULL, '', ''),
(3423, 48, 9, NULL, '', ''),
(3424, 15, 7, NULL, '', ''),
(3425, 18, 5, NULL, '', ''),
(3426, 29, 7, NULL, '', ''),
(3427, 70, 7, NULL, '', ''),
(3428, 12, 2, NULL, '', ''),
(3429, 5, 11, NULL, '', ''),
(3430, 65, 11, NULL, '', ''),
(3431, 49, 1, NULL, '', ''),
(3432, 24, 5, NULL, '', ''),
(3433, 6, 2, NULL, '', ''),
(3434, 51, 8, NULL, '', ''),
(3435, 28, 9, NULL, '', ''),
(3436, 71, 1, NULL, '', ''),
(3437, 38, 3, NULL, '', ''),
(3438, 71, 7, NULL, '', ''),
(3439, 30, 1, NULL, '', ''),
(3440, 18, 10, NULL, '', ''),
(3441, 63, 3, NULL, '', ''),
(3442, 63, 3, NULL, '', ''),
(3443, 52, 7, NULL, '', ''),
(3444, 9, 8, NULL, '', ''),
(3445, 18, 11, NULL, '', ''),
(3446, 14, 11, NULL, '', ''),
(3447, 21, 5, NULL, '', ''),
(3448, 27, 5, NULL, '', ''),
(3449, 79, 8, NULL, '', ''),
(3450, 29, 10, NULL, '', ''),
(3451, 8, 11, NULL, '', ''),
(3452, 43, 9, NULL, '', ''),
(3453, 8, 3, NULL, '', ''),
(3454, 6, 7, NULL, '', ''),
(3455, 42, 11, NULL, '', ''),
(3456, 15, 1, NULL, '', ''),
(3457, 63, 8, NULL, '', ''),
(3458, 77, 9, NULL, '', ''),
(3459, 2, 9, NULL, '', ''),
(3460, 78, 5, NULL, '', ''),
(3461, 4, 1, NULL, '', ''),
(3462, 7, 3, NULL, '', ''),
(3463, 7, 8, NULL, '', ''),
(3464, 76, 9, NULL, '', ''),
(3465, 74, 4, NULL, '', ''),
(3466, 63, 11, NULL, '', ''),
(3467, 39, 6, NULL, '', ''),
(3468, 16, 5, NULL, '', ''),
(3469, 24, 4, NULL, '', ''),
(3470, 65, 11, NULL, '', ''),
(3471, 36, 4, NULL, '', ''),
(3472, 15, 11, NULL, '', ''),
(3473, 31, 11, NULL, '', ''),
(3474, 49, 2, NULL, '', ''),
(3475, 75, 2, NULL, '', ''),
(3476, 4, 9, NULL, '', ''),
(3477, 45, 6, NULL, '', ''),
(3478, 80, 4, NULL, '', ''),
(3479, 65, 11, NULL, '', ''),
(3480, 28, 10, NULL, '', ''),
(3481, 15, 5, NULL, '', ''),
(3482, 30, 8, NULL, '', ''),
(3483, 29, 8, NULL, '', ''),
(3484, 37, 2, NULL, '', ''),
(3485, 27, 3, NULL, '', ''),
(3486, 20, 6, NULL, '', ''),
(3487, 47, 6, NULL, '', ''),
(3488, 69, 8, NULL, '', ''),
(3489, 61, 9, NULL, '', ''),
(3490, 56, 1, NULL, '', ''),
(3491, 26, 4, NULL, '', ''),
(3492, 60, 8, NULL, '', ''),
(3493, 7, 6, NULL, '', ''),
(3494, 3, 9, NULL, '', ''),
(3495, 76, 3, NULL, '', ''),
(3496, 31, 2, NULL, '', ''),
(3497, 55, 11, NULL, '', ''),
(3498, 44, 11, NULL, '', ''),
(3499, 11, 9, NULL, '', ''),
(3500, 49, 7, NULL, '', ''),
(3501, 10, 10, NULL, '', ''),
(3502, 66, 6, NULL, '', ''),
(3503, 23, 9, NULL, '', ''),
(3504, 79, 7, NULL, '', ''),
(3505, 71, 8, NULL, '', ''),
(3506, 74, 5, NULL, '', ''),
(3507, 28, 5, NULL, '', ''),
(3508, 18, 9, NULL, '', ''),
(3509, 2, 10, NULL, '', ''),
(3510, 28, 1, NULL, '', ''),
(3511, 28, 6, NULL, '', ''),
(3512, 39, 10, NULL, '', ''),
(3513, 75, 1, NULL, '', ''),
(3514, 23, 4, NULL, '', ''),
(3515, 74, 6, NULL, '', ''),
(3516, 70, 9, NULL, '', ''),
(3517, 11, 5, NULL, '', ''),
(3518, 67, 9, NULL, '', ''),
(3519, 36, 10, NULL, '', ''),
(3520, 78, 3, NULL, '', ''),
(3521, 26, 10, NULL, '', ''),
(3522, 25, 11, NULL, '', ''),
(3523, 73, 7, NULL, '', ''),
(3524, 25, 8, NULL, '', ''),
(3525, 50, 11, NULL, '', ''),
(3526, 79, 11, NULL, '', ''),
(3527, 67, 4, NULL, '', ''),
(3528, 74, 8, NULL, '', ''),
(3529, 62, 8, NULL, '', ''),
(3530, 25, 5, NULL, '', ''),
(3531, 74, 6, NULL, '', ''),
(3532, 49, 7, NULL, '', ''),
(3533, 16, 2, NULL, '', ''),
(3534, 12, 4, NULL, '', ''),
(3535, 5, 5, NULL, '', ''),
(3536, 66, 10, NULL, '', ''),
(3537, 64, 5, NULL, '', ''),
(3538, 59, 4, NULL, '', ''),
(3539, 43, 8, NULL, '', ''),
(3540, 49, 1, NULL, '', ''),
(3541, 50, 9, NULL, '', ''),
(3542, 13, 5, NULL, '', ''),
(3543, 38, 2, NULL, '', ''),
(3544, 34, 7, NULL, '', ''),
(3545, 48, 3, NULL, '', ''),
(3546, 41, 8, NULL, '', ''),
(3547, 9, 4, NULL, '', ''),
(3548, 37, 2, NULL, '', ''),
(3549, 46, 3, NULL, '', ''),
(3550, 55, 7, NULL, '', ''),
(3551, 65, 3, NULL, '', ''),
(3552, 75, 10, NULL, '', ''),
(3553, 39, 10, NULL, '', ''),
(3554, 63, 4, NULL, '', ''),
(3555, 25, 7, NULL, '', ''),
(3556, 68, 6, NULL, '', ''),
(3557, 6, 9, NULL, '', ''),
(3558, 57, 2, NULL, '', ''),
(3559, 62, 3, NULL, '', ''),
(3560, 8, 7, NULL, '', ''),
(3561, 71, 6, NULL, '', ''),
(3562, 66, 7, NULL, '', ''),
(3563, 34, 5, NULL, '', ''),
(3564, 59, 5, NULL, '', ''),
(3565, 71, 2, NULL, '', ''),
(3566, 1, 8, NULL, '', ''),
(3567, 28, 8, NULL, '', ''),
(3568, 29, 9, NULL, '', ''),
(3569, 59, 4, NULL, '', ''),
(3570, 37, 4, NULL, '', ''),
(3571, 15, 11, NULL, '', ''),
(3572, 34, 1, NULL, '', ''),
(3573, 10, 4, NULL, '', ''),
(3574, 39, 4, NULL, '', ''),
(3575, 2, 3, NULL, '', ''),
(3576, 81, 4, NULL, '', ''),
(3577, 54, 4, NULL, '', ''),
(3578, 48, 11, NULL, '', ''),
(3579, 15, 11, NULL, '', ''),
(3580, 16, 2, NULL, '', ''),
(3581, 80, 7, NULL, '', ''),
(3582, 74, 9, NULL, '', ''),
(3583, 28, 4, NULL, '', ''),
(3584, 34, 3, NULL, '', ''),
(3585, 57, 11, NULL, '', ''),
(3586, 50, 3, NULL, '', ''),
(3587, 31, 2, NULL, '', ''),
(3588, 59, 1, NULL, '', ''),
(3589, 23, 2, NULL, '', ''),
(3590, 63, 6, NULL, '', ''),
(3591, 5, 10, NULL, '', ''),
(3592, 17, 5, NULL, '', ''),
(3593, 28, 6, NULL, '', ''),
(3594, 48, 5, NULL, '', ''),
(3595, 13, 7, NULL, '', ''),
(3596, 53, 5, NULL, '', ''),
(3597, 72, 4, NULL, '', ''),
(3598, 4, 2, NULL, '', ''),
(3599, 61, 3, NULL, '', ''),
(3600, 76, 11, NULL, '', ''),
(3601, 72, 7, NULL, '', ''),
(3602, 32, 2, NULL, '', ''),
(3603, 40, 1, NULL, '', ''),
(3604, 60, 6, NULL, '', ''),
(3605, 40, 10, NULL, '', ''),
(3606, 55, 10, NULL, '', ''),
(3607, 30, 3, NULL, '', ''),
(3608, 81, 4, NULL, '', ''),
(3609, 37, 5, NULL, '', ''),
(3610, 49, 9, NULL, '', ''),
(3611, 24, 11, NULL, '', ''),
(3612, 9, 7, NULL, '', ''),
(3613, 41, 9, NULL, '', ''),
(3614, 42, 2, NULL, '', ''),
(3615, 23, 10, NULL, '', ''),
(3616, 50, 5, NULL, '', ''),
(3617, 6, 3, NULL, '', ''),
(3618, 72, 9, NULL, '', ''),
(3619, 15, 7, NULL, '', ''),
(3620, 37, 5, NULL, '', ''),
(3621, 68, 10, NULL, '', ''),
(3622, 76, 11, NULL, '', ''),
(3623, 12, 9, NULL, '', ''),
(3624, 29, 6, NULL, '', ''),
(3625, 37, 9, NULL, '', ''),
(3626, 25, 4, NULL, '', ''),
(3627, 50, 2, NULL, '', ''),
(3628, 78, 4, NULL, '', ''),
(3629, 52, 4, NULL, '', ''),
(3630, 43, 9, NULL, '', ''),
(3631, 24, 2, NULL, '', ''),
(3632, 70, 10, NULL, '', ''),
(3633, 51, 7, NULL, '', ''),
(3634, 5, 7, NULL, '', ''),
(3635, 46, 2, NULL, '', ''),
(3636, 17, 6, NULL, '', ''),
(3637, 63, 5, NULL, '', ''),
(3638, 65, 9, NULL, '', ''),
(3639, 21, 2, NULL, '', ''),
(3640, 57, 3, NULL, '', ''),
(3641, 76, 1, NULL, '', ''),
(3642, 27, 7, NULL, '', ''),
(3643, 69, 6, NULL, '', ''),
(3644, 4, 8, NULL, '', ''),
(3645, 12, 9, NULL, '', ''),
(3646, 34, 9, NULL, '', ''),
(3647, 39, 2, NULL, '', ''),
(3648, 30, 4, NULL, '', ''),
(3649, 47, 10, NULL, '', ''),
(3650, 49, 5, NULL, '', ''),
(3651, 25, 3, NULL, '', ''),
(3652, 35, 4, NULL, '', ''),
(3653, 21, 4, NULL, '', ''),
(3654, 3, 1, NULL, '', ''),
(3655, 28, 5, NULL, '', ''),
(3656, 15, 7, NULL, '', ''),
(3657, 22, 8, NULL, '', ''),
(3658, 41, 6, NULL, '', ''),
(3659, 15, 3, NULL, '', ''),
(3660, 64, 2, NULL, '', ''),
(3661, 33, 6, NULL, '', ''),
(3662, 42, 11, NULL, '', ''),
(3663, 5, 6, NULL, '', ''),
(3664, 40, 10, NULL, '', ''),
(3665, 59, 2, NULL, '', ''),
(3666, 38, 10, NULL, '', ''),
(3667, 12, 11, NULL, '', ''),
(3668, 40, 6, NULL, '', ''),
(3669, 5, 9, NULL, '', ''),
(3670, 52, 10, NULL, '', ''),
(3671, 44, 1, NULL, '', ''),
(3672, 41, 5, NULL, '', ''),
(3673, 52, 10, NULL, '', ''),
(3674, 43, 11, NULL, '', ''),
(3675, 22, 5, NULL, '', ''),
(3676, 24, 3, NULL, '', ''),
(3677, 17, 4, NULL, '', ''),
(3678, 17, 11, NULL, '', ''),
(3679, 2, 4, NULL, '', ''),
(3680, 41, 7, NULL, '', ''),
(3681, 31, 2, NULL, '', ''),
(3682, 59, 1, NULL, '', ''),
(3683, 23, 2, NULL, '', ''),
(3684, 63, 6, NULL, '', ''),
(3685, 17, 6, NULL, '', ''),
(3686, 75, 1, NULL, '', ''),
(3687, 44, 6, NULL, '', ''),
(3688, 76, 2, NULL, '', ''),
(3689, 64, 7, NULL, '', ''),
(3690, 47, 2, NULL, '', ''),
(3691, 73, 2, NULL, '', ''),
(3692, 74, 2, NULL, '', ''),
(3693, 4, 9, NULL, '', ''),
(3694, 58, 3, NULL, '', ''),
(3695, 5, 7, NULL, '', ''),
(3696, 54, 7, NULL, '', ''),
(3697, 10, 9, NULL, '', ''),
(3698, 29, 6, NULL, '', ''),
(3699, 44, 2, NULL, '', ''),
(3700, 10, 2, NULL, '', ''),
(3701, 21, 11, NULL, '', ''),
(3702, 66, 4, NULL, '', ''),
(3703, 81, 2, NULL, '', ''),
(3704, 53, 10, NULL, '', ''),
(3705, 32, 4, NULL, '', ''),
(3706, 47, 9, NULL, '', ''),
(3707, 25, 2, NULL, '', ''),
(3708, 51, 9, NULL, '', ''),
(3709, 17, 7, NULL, '', ''),
(3710, 13, 2, NULL, '', ''),
(3711, 20, 9, NULL, '', ''),
(3712, 11, 4, NULL, '', ''),
(3713, 34, 11, NULL, '', ''),
(3714, 45, 10, NULL, '', ''),
(3715, 61, 2, NULL, '', ''),
(3716, 27, 4, NULL, '', ''),
(3717, 39, 6, NULL, '', ''),
(3718, 79, 5, NULL, '', ''),
(3719, 14, 7, NULL, '', ''),
(3720, 38, 7, NULL, '', ''),
(3721, 28, 1, NULL, '', ''),
(3722, 29, 6, NULL, '', ''),
(3723, 40, 11, NULL, '', ''),
(3724, 10, 10, NULL, '', ''),
(3725, 76, 1, NULL, '', ''),
(3726, 48, 8, NULL, '', ''),
(3727, 58, 6, NULL, '', ''),
(3728, 16, 7, NULL, '', ''),
(3729, 21, 7, NULL, '', ''),
(3730, 15, 2, NULL, '', '');
INSERT INTO `rooms` (`roomID`, `hotelID`, `typeID`, `num`, `interiorpath`, `exteriorpath`) VALUES
(3731, 15, 6, NULL, '', ''),
(3732, 62, 5, NULL, '', ''),
(3733, 70, 1, NULL, '', ''),
(3734, 39, 4, NULL, '', ''),
(3735, 20, 3, NULL, '', ''),
(3736, 31, 3, NULL, '', ''),
(3737, 78, 2, NULL, '', ''),
(3738, 56, 2, NULL, '', ''),
(3739, 44, 4, NULL, '', ''),
(3740, 7, 5, NULL, '', ''),
(3741, 53, 2, NULL, '', ''),
(3742, 51, 9, NULL, '', ''),
(3743, 76, 5, NULL, '', ''),
(3744, 19, 11, NULL, '', ''),
(3745, 75, 10, NULL, '', ''),
(3746, 42, 11, NULL, '', ''),
(3747, 26, 8, NULL, '', ''),
(3748, 35, 1, NULL, '', ''),
(3749, 14, 7, NULL, '', ''),
(3750, 24, 9, NULL, '', ''),
(3751, 1, 8, NULL, '', ''),
(3752, 47, 8, NULL, '', ''),
(3753, 61, 8, NULL, '', ''),
(3754, 5, 4, NULL, '', ''),
(3755, 27, 8, NULL, '', ''),
(3756, 50, 11, NULL, '', ''),
(3757, 67, 4, NULL, '', ''),
(3758, 5, 4, NULL, '', ''),
(3759, 48, 11, NULL, '', ''),
(3760, 63, 2, NULL, '', ''),
(3761, 34, 7, NULL, '', ''),
(3762, 74, 8, NULL, '', ''),
(3763, 39, 6, NULL, '', ''),
(3764, 80, 5, NULL, '', ''),
(3765, 22, 1, NULL, '', ''),
(3766, 21, 3, NULL, '', ''),
(3767, 41, 9, NULL, '', ''),
(3768, 21, 11, NULL, '', ''),
(3769, 15, 11, NULL, '', ''),
(3770, 17, 2, NULL, '', ''),
(3771, 17, 7, NULL, '', ''),
(3772, 11, 11, NULL, '', ''),
(3773, 48, 11, NULL, '', ''),
(3774, 76, 10, NULL, '', ''),
(3775, 42, 11, NULL, '', ''),
(3776, 32, 11, NULL, '', ''),
(3777, 59, 8, NULL, '', ''),
(3778, 25, 5, NULL, '', ''),
(3779, 18, 9, NULL, '', ''),
(3780, 33, 7, NULL, '', ''),
(3781, 52, 6, NULL, '', ''),
(3782, 33, 8, NULL, '', ''),
(3783, 3, 3, NULL, '', ''),
(3784, 3, 6, NULL, '', ''),
(3785, 20, 9, NULL, '', ''),
(3786, 28, 3, NULL, '', ''),
(3787, 15, 3, NULL, '', ''),
(3788, 37, 8, NULL, '', ''),
(3789, 78, 9, NULL, '', ''),
(3790, 1, 8, NULL, '', ''),
(3791, 40, 4, NULL, '', ''),
(3792, 16, 11, NULL, '', ''),
(3793, 14, 1, NULL, '', ''),
(3794, 48, 10, NULL, '', ''),
(3795, 46, 3, NULL, '', ''),
(3796, 32, 4, NULL, '', ''),
(3797, 29, 10, NULL, '', ''),
(3798, 21, 8, NULL, '', ''),
(3799, 49, 1, NULL, '', ''),
(3800, 18, 1, NULL, '', ''),
(3801, 52, 1, NULL, '', ''),
(3802, 10, 7, NULL, '', ''),
(3803, 35, 6, NULL, '', ''),
(3804, 7, 11, NULL, '', ''),
(3805, 56, 6, NULL, '', ''),
(3806, 27, 3, NULL, '', ''),
(3807, 7, 9, NULL, '', ''),
(3808, 46, 6, NULL, '', ''),
(3809, 72, 10, NULL, '', ''),
(3810, 61, 2, NULL, '', ''),
(3811, 26, 3, NULL, '', ''),
(3812, 19, 5, NULL, '', ''),
(3813, 37, 11, NULL, '', ''),
(3814, 44, 9, NULL, '', ''),
(3815, 16, 8, NULL, '', ''),
(3816, 70, 3, NULL, '', ''),
(3817, 51, 5, NULL, '', ''),
(3818, 5, 2, NULL, '', ''),
(3819, 41, 1, NULL, '', ''),
(3820, 76, 5, NULL, '', ''),
(3821, 13, 7, NULL, '', ''),
(3822, 39, 8, NULL, '', ''),
(3823, 63, 11, NULL, '', ''),
(3824, 36, 4, NULL, '', ''),
(3825, 30, 10, NULL, '', ''),
(3826, 5, 9, NULL, '', ''),
(3827, 62, 5, NULL, '', ''),
(3828, 77, 5, NULL, '', ''),
(3829, 14, 8, NULL, '', ''),
(3830, 56, 6, NULL, '', ''),
(3831, 38, 9, NULL, '', ''),
(3832, 49, 7, NULL, '', ''),
(3833, 13, 11, NULL, '', ''),
(3834, 44, 8, NULL, '', ''),
(3835, 61, 8, NULL, '', ''),
(3836, 30, 8, NULL, '', ''),
(3837, 10, 8, NULL, '', ''),
(3838, 80, 10, NULL, '', ''),
(3839, 49, 3, NULL, '', ''),
(3840, 42, 9, NULL, '', ''),
(3841, 37, 10, NULL, '', ''),
(3842, 69, 8, NULL, '', ''),
(3843, 4, 1, NULL, '', ''),
(3844, 24, 3, NULL, '', ''),
(3845, 13, 2, NULL, '', ''),
(3846, 31, 5, NULL, '', ''),
(3847, 64, 9, NULL, '', ''),
(3848, 39, 1, NULL, '', ''),
(3849, 73, 4, NULL, '', ''),
(3850, 64, 1, NULL, '', ''),
(3851, 76, 6, NULL, '', ''),
(3852, 46, 5, NULL, '', ''),
(3853, 27, 5, NULL, '', ''),
(3854, 14, 6, NULL, '', ''),
(3855, 18, 6, NULL, '', ''),
(3856, 51, 9, NULL, '', ''),
(3857, 78, 6, NULL, '', ''),
(3858, 37, 10, NULL, '', ''),
(3859, 73, 11, NULL, '', ''),
(3860, 79, 1, NULL, '', ''),
(3861, 22, 3, NULL, '', ''),
(3862, 40, 7, NULL, '', ''),
(3863, 58, 8, NULL, '', ''),
(3864, 13, 9, NULL, '', ''),
(3865, 36, 10, NULL, '', ''),
(3866, 6, 8, NULL, '', ''),
(3867, 22, 3, NULL, '', ''),
(3868, 41, 8, NULL, '', ''),
(3869, 9, 4, NULL, '', ''),
(3870, 41, 5, NULL, '', ''),
(3871, 41, 4, NULL, '', ''),
(3872, 8, 6, NULL, '', ''),
(3873, 15, 5, NULL, '', ''),
(3874, 50, 9, NULL, '', ''),
(3875, 7, 1, NULL, '', ''),
(3876, 74, 5, NULL, '', ''),
(3877, 42, 3, NULL, '', ''),
(3878, 45, 2, NULL, '', ''),
(3879, 70, 11, NULL, '', ''),
(3880, 34, 1, NULL, '', ''),
(3881, 4, 1, NULL, '', ''),
(3882, 14, 8, NULL, '', ''),
(3883, 58, 7, NULL, '', ''),
(3884, 78, 11, NULL, '', ''),
(3885, 75, 8, NULL, '', ''),
(3886, 61, 7, NULL, '', ''),
(3887, 69, 4, NULL, '', ''),
(3888, 23, 4, NULL, '', ''),
(3889, 67, 2, NULL, '', ''),
(3890, 11, 4, NULL, '', ''),
(3891, 9, 8, NULL, '', ''),
(3892, 70, 5, NULL, '', ''),
(3893, 25, 5, NULL, '', ''),
(3894, 9, 4, NULL, '', ''),
(3895, 15, 11, NULL, '', ''),
(3896, 36, 3, NULL, '', ''),
(3897, 63, 3, NULL, '', ''),
(3898, 57, 10, NULL, '', ''),
(3899, 32, 3, NULL, '', ''),
(3900, 9, 9, NULL, '', ''),
(3901, 41, 3, NULL, '', ''),
(3902, 38, 9, NULL, '', ''),
(3903, 30, 7, NULL, '', ''),
(3904, 65, 3, NULL, '', ''),
(3905, 71, 7, NULL, '', ''),
(3906, 23, 7, NULL, '', ''),
(3907, 30, 11, NULL, '', ''),
(3908, 42, 10, NULL, '', ''),
(3909, 45, 3, NULL, '', ''),
(3910, 57, 8, NULL, '', ''),
(3911, 31, 9, NULL, '', ''),
(3912, 67, 9, NULL, '', ''),
(3913, 15, 9, NULL, '', ''),
(3914, 9, 4, NULL, '', ''),
(3915, 20, 4, NULL, '', ''),
(3916, 55, 6, NULL, '', ''),
(3917, 55, 9, NULL, '', ''),
(3918, 59, 5, NULL, '', ''),
(3919, 62, 8, NULL, '', ''),
(3920, 77, 9, NULL, '', ''),
(3921, 14, 5, NULL, '', ''),
(3922, 42, 5, NULL, '', ''),
(3923, 26, 5, NULL, '', ''),
(3924, 25, 2, NULL, '', ''),
(3925, 69, 9, NULL, '', ''),
(3926, 35, 9, NULL, '', ''),
(3927, 39, 2, NULL, '', ''),
(3928, 8, 2, NULL, '', ''),
(3929, 39, 11, NULL, '', ''),
(3930, 17, 3, NULL, '', ''),
(3931, 48, 3, NULL, '', ''),
(3932, 30, 2, NULL, '', ''),
(3933, 53, 9, NULL, '', ''),
(3934, 3, 9, NULL, '', ''),
(3935, 63, 7, NULL, '', ''),
(3936, 37, 7, NULL, '', ''),
(3937, 44, 11, NULL, '', ''),
(3938, 12, 10, NULL, '', ''),
(3939, 66, 6, NULL, '', ''),
(3940, 10, 1, NULL, '', ''),
(3941, 74, 5, NULL, '', ''),
(3942, 13, 7, NULL, '', ''),
(3943, 56, 6, NULL, '', ''),
(3944, 50, 6, NULL, '', ''),
(3945, 47, 5, NULL, '', ''),
(3946, 33, 9, NULL, '', ''),
(3947, 39, 2, NULL, '', ''),
(3948, 35, 7, NULL, '', ''),
(3949, 63, 1, NULL, '', ''),
(3950, 69, 2, NULL, '', ''),
(3951, 13, 4, NULL, '', ''),
(3952, 18, 2, NULL, '', ''),
(3953, 68, 10, NULL, '', ''),
(3954, 72, 9, NULL, '', ''),
(3955, 15, 7, NULL, '', ''),
(3956, 47, 11, NULL, '', ''),
(3957, 17, 1, NULL, '', ''),
(3958, 51, 11, NULL, '', ''),
(3959, 4, 3, NULL, '', ''),
(3960, 19, 4, NULL, '', ''),
(3961, 68, 3, NULL, '', ''),
(3962, 69, 5, NULL, '', ''),
(3963, 47, 7, NULL, '', ''),
(3964, 30, 11, NULL, '', ''),
(3965, 65, 1, NULL, '', ''),
(3966, 64, 10, NULL, '', ''),
(3967, 68, 7, NULL, '', ''),
(3968, 53, 4, NULL, '', ''),
(3969, 70, 3, NULL, '', ''),
(3970, 37, 7, NULL, '', ''),
(3971, 65, 2, NULL, '', ''),
(3972, 15, 7, NULL, '', ''),
(3973, 17, 4, NULL, '', ''),
(3974, 17, 11, NULL, '', ''),
(3975, 78, 1, NULL, '', ''),
(3976, 37, 1, NULL, '', ''),
(3977, 77, 7, NULL, '', ''),
(3978, 79, 2, NULL, '', ''),
(3979, 71, 10, NULL, '', ''),
(3980, 64, 4, NULL, '', ''),
(3981, 10, 8, NULL, '', ''),
(3982, 14, 9, NULL, '', ''),
(3983, 17, 9, NULL, '', ''),
(3984, 30, 5, NULL, '', ''),
(3985, 10, 3, NULL, '', ''),
(3986, 76, 10, NULL, '', ''),
(3987, 45, 2, NULL, '', ''),
(3988, 7, 11, NULL, '', ''),
(3989, 45, 10, NULL, '', ''),
(3990, 52, 7, NULL, '', ''),
(3991, 21, 4, NULL, '', ''),
(3992, 81, 11, NULL, '', ''),
(3993, 58, 8, NULL, '', ''),
(3994, 38, 2, NULL, '', ''),
(3995, 29, 4, NULL, '', ''),
(3996, 41, 7, NULL, '', ''),
(3997, 30, 2, NULL, '', ''),
(3998, 34, 9, NULL, '', ''),
(3999, 42, 4, NULL, '', ''),
(4000, 3, 3, NULL, '', ''),
(4001, 80, 4, NULL, '', ''),
(4002, 34, 3, NULL, '', ''),
(4003, 8, 8, NULL, '', ''),
(4004, 1, 1, NULL, '', ''),
(4005, 31, 7, NULL, '', ''),
(4006, 4, 4, NULL, '', ''),
(4007, 27, 9, NULL, '', ''),
(4008, 67, 10, NULL, '', ''),
(4009, 57, 11, NULL, '', ''),
(4010, 62, 10, NULL, '', ''),
(4011, 12, 1, NULL, '', ''),
(4012, 76, 5, NULL, '', ''),
(4013, 36, 10, NULL, '', ''),
(4014, 67, 8, NULL, '', ''),
(4015, 60, 9, NULL, '', ''),
(4016, 46, 7, NULL, '', ''),
(4017, 13, 1, NULL, '', ''),
(4018, 77, 5, NULL, '', ''),
(4019, 34, 9, NULL, '', ''),
(4020, 38, 2, NULL, '', ''),
(4021, 12, 5, NULL, '', ''),
(4022, 44, 6, NULL, '', ''),
(4023, 64, 6, NULL, '', ''),
(4024, 15, 5, NULL, '', ''),
(4025, 35, 11, NULL, '', ''),
(4026, 29, 1, NULL, '', ''),
(4027, 78, 9, NULL, '', ''),
(4028, 4, 10, NULL, '', ''),
(4029, 23, 9, NULL, '', ''),
(4030, 67, 11, NULL, '', ''),
(4031, 17, 3, NULL, '', ''),
(4032, 34, 6, NULL, '', ''),
(4033, 9, 2, NULL, '', ''),
(4034, 24, 2, NULL, '', ''),
(4035, 53, 11, NULL, '', ''),
(4036, 56, 7, NULL, '', ''),
(4037, 9, 7, NULL, '', ''),
(4038, 61, 11, NULL, '', ''),
(4039, 28, 11, NULL, '', ''),
(4040, 59, 9, NULL, '', ''),
(4041, 48, 8, NULL, '', ''),
(4042, 58, 5, NULL, '', ''),
(4043, 9, 3, NULL, '', ''),
(4044, 58, 11, NULL, '', ''),
(4045, 43, 10, NULL, '', ''),
(4046, 45, 4, NULL, '', ''),
(4047, 59, 9, NULL, '', ''),
(4048, 66, 8, NULL, '', ''),
(4049, 75, 7, NULL, '', ''),
(4050, 20, 5, NULL, '', ''),
(4051, 14, 9, NULL, '', ''),
(4052, 13, 6, NULL, '', ''),
(4053, 22, 8, NULL, '', ''),
(4054, 63, 8, NULL, '', ''),
(4055, 14, 9, NULL, '', ''),
(4056, 16, 9, NULL, '', ''),
(4057, 13, 6, NULL, '', ''),
(4058, 13, 3, NULL, '', ''),
(4059, 47, 3, NULL, '', ''),
(4060, 49, 3, NULL, '', ''),
(4061, 22, 8, NULL, '', ''),
(4062, 44, 8, NULL, '', ''),
(4063, 72, 4, NULL, '', ''),
(4064, 79, 10, NULL, '', ''),
(4065, 46, 2, NULL, '', ''),
(4066, 70, 11, NULL, '', ''),
(4067, 30, 10, NULL, '', ''),
(4068, 16, 5, NULL, '', ''),
(4069, 23, 4, NULL, '', ''),
(4070, 57, 7, NULL, '', ''),
(4071, 57, 10, NULL, '', ''),
(4072, 1, 7, NULL, '', ''),
(4073, 74, 9, NULL, '', ''),
(4074, 14, 6, NULL, '', ''),
(4075, 6, 9, NULL, '', ''),
(4076, 66, 7, NULL, '', ''),
(4077, 53, 5, NULL, '', ''),
(4078, 1, 10, NULL, '', ''),
(4079, 23, 10, NULL, '', ''),
(4080, 28, 3, NULL, '', ''),
(4081, 79, 3, NULL, '', ''),
(4082, 19, 6, NULL, '', ''),
(4083, 55, 11, NULL, '', ''),
(4084, 56, 7, NULL, '', ''),
(4085, 1, 3, NULL, '', ''),
(4086, 2, 5, NULL, '', ''),
(4087, 17, 8, NULL, '', ''),
(4088, 51, 2, NULL, '', ''),
(4089, 2, 6, NULL, '', ''),
(4090, 55, 9, NULL, '', ''),
(4091, 60, 5, NULL, '', ''),
(4092, 65, 9, NULL, '', ''),
(4093, 41, 2, NULL, '', ''),
(4094, 25, 1, NULL, '', ''),
(4095, 17, 11, NULL, '', ''),
(4096, 24, 6, NULL, '', ''),
(4097, 57, 11, NULL, '', ''),
(4098, 51, 4, NULL, '', ''),
(4099, 45, 11, NULL, '', ''),
(4100, 77, 11, NULL, '', ''),
(4101, 77, 10, NULL, '', ''),
(4102, 30, 4, NULL, '', ''),
(4103, 30, 11, NULL, '', ''),
(4104, 47, 1, NULL, '', ''),
(4105, 58, 4, NULL, '', ''),
(4106, 33, 1, NULL, '', ''),
(4107, 16, 8, NULL, '', ''),
(4108, 2, 11, NULL, '', ''),
(4109, 48, 2, NULL, '', ''),
(4110, 4, 8, NULL, '', ''),
(4111, 37, 1, NULL, '', ''),
(4112, 9, 3, NULL, '', ''),
(4113, 73, 9, NULL, '', ''),
(4114, 11, 5, NULL, '', ''),
(4115, 41, 4, NULL, '', ''),
(4116, 18, 1, NULL, '', ''),
(4117, 54, 2, NULL, '', ''),
(4118, 53, 10, NULL, '', ''),
(4119, 35, 6, NULL, '', ''),
(4120, 18, 7, NULL, '', ''),
(4121, 13, 2, NULL, '', ''),
(4122, 11, 4, NULL, '', ''),
(4123, 7, 6, NULL, '', ''),
(4124, 22, 10, NULL, '', ''),
(4125, 34, 6, NULL, '', ''),
(4126, 33, 5, NULL, '', ''),
(4127, 74, 3, NULL, '', ''),
(4128, 51, 4, NULL, '', ''),
(4129, 65, 11, NULL, '', ''),
(4130, 39, 6, NULL, '', ''),
(4131, 78, 4, NULL, '', ''),
(4132, 74, 5, NULL, '', ''),
(4133, 44, 4, NULL, '', ''),
(4134, 2, 2, NULL, '', ''),
(4135, 38, 1, NULL, '', ''),
(4136, 55, 4, NULL, '', ''),
(4137, 55, 4, NULL, '', ''),
(4138, 61, 8, NULL, '', ''),
(4139, 14, 9, NULL, '', ''),
(4140, 41, 1, NULL, '', ''),
(4141, 75, 4, NULL, '', ''),
(4142, 3, 1, NULL, '', ''),
(4143, 18, 11, NULL, '', ''),
(4144, 77, 11, NULL, '', ''),
(4145, 76, 10, NULL, '', ''),
(4146, 24, 1, NULL, '', ''),
(4147, 15, 10, NULL, '', ''),
(4148, 63, 3, NULL, '', ''),
(4149, 1, 3, NULL, '', ''),
(4150, 21, 6, NULL, '', ''),
(4151, 52, 9, NULL, '', ''),
(4152, 75, 3, NULL, '', ''),
(4153, 49, 3, NULL, '', ''),
(4154, 21, 7, NULL, '', ''),
(4155, 32, 1, NULL, '', ''),
(4156, 16, 9, NULL, '', ''),
(4157, 8, 3, NULL, '', ''),
(4158, 4, 5, NULL, '', ''),
(4159, 80, 7, NULL, '', ''),
(4160, 16, 1, NULL, '', ''),
(4161, 59, 5, NULL, '', ''),
(4162, 7, 1, NULL, '', ''),
(4163, 79, 8, NULL, '', ''),
(4164, 59, 5, NULL, '', ''),
(4165, 1, 8, NULL, '', ''),
(4166, 48, 9, NULL, '', ''),
(4167, 15, 6, NULL, '', ''),
(4168, 1, 6, NULL, '', ''),
(4169, 36, 8, NULL, '', ''),
(4170, 19, 1, NULL, '', ''),
(4171, 33, 11, NULL, '', ''),
(4172, 45, 11, NULL, '', ''),
(4173, 78, 11, NULL, '', ''),
(4174, 7, 5, NULL, '', ''),
(4175, 80, 7, NULL, '', ''),
(4176, 71, 8, NULL, '', ''),
(4177, 65, 11, NULL, '', ''),
(4178, 18, 4, NULL, '', ''),
(4179, 1, 1, NULL, '', ''),
(4180, 5, 3, NULL, '', ''),
(4181, 3, 5, NULL, '', ''),
(4182, 2, 10, NULL, '', ''),
(4183, 5, 9, NULL, '', ''),
(4184, 69, 9, NULL, '', ''),
(4185, 44, 3, NULL, '', ''),
(4186, 43, 11, NULL, '', ''),
(4187, 24, 6, NULL, '', ''),
(4188, 63, 3, NULL, '', ''),
(4189, 3, 4, NULL, '', ''),
(4190, 49, 1, NULL, '', ''),
(4191, 16, 11, NULL, '', ''),
(4192, 22, 5, NULL, '', ''),
(4193, 21, 1, NULL, '', ''),
(4194, 41, 4, NULL, '', ''),
(4195, 23, 4, NULL, '', ''),
(4196, 62, 10, NULL, '', ''),
(4197, 81, 5, NULL, '', ''),
(4198, 8, 3, NULL, '', ''),
(4199, 72, 9, NULL, '', ''),
(4200, 81, 9, NULL, '', ''),
(4201, 81, 7, NULL, '', ''),
(4202, 73, 9, NULL, '', ''),
(4203, 81, 9, NULL, '', ''),
(4204, 61, 6, NULL, '', ''),
(4205, 29, 2, NULL, '', ''),
(4206, 68, 7, NULL, '', ''),
(4207, 51, 3, NULL, '', ''),
(4208, 33, 3, NULL, '', ''),
(4209, 75, 11, NULL, '', ''),
(4210, 68, 5, NULL, '', ''),
(4211, 45, 6, NULL, '', ''),
(4212, 4, 7, NULL, '', ''),
(4213, 68, 5, NULL, '', ''),
(4214, 45, 6, NULL, '', ''),
(4215, 66, 7, NULL, '', ''),
(4216, 32, 4, NULL, '', ''),
(4217, 19, 4, NULL, '', ''),
(4218, 61, 10, NULL, '', ''),
(4219, 5, 8, NULL, '', ''),
(4220, 37, 1, NULL, '', ''),
(4221, 5, 1, NULL, '', ''),
(4222, 1, 10, NULL, '', ''),
(4223, 41, 9, NULL, '', ''),
(4224, 39, 1, NULL, '', ''),
(4225, 49, 11, NULL, '', ''),
(4226, 80, 1, NULL, '', ''),
(4227, 23, 3, NULL, '', ''),
(4228, 31, 3, NULL, '', ''),
(4229, 64, 4, NULL, '', ''),
(4230, 31, 10, NULL, '', ''),
(4231, 16, 5, NULL, '', ''),
(4232, 26, 5, NULL, '', ''),
(4233, 18, 9, NULL, '', ''),
(4234, 22, 11, NULL, '', ''),
(4235, 14, 10, NULL, '', ''),
(4236, 66, 6, NULL, '', ''),
(4237, 69, 10, NULL, '', ''),
(4238, 64, 4, NULL, '', ''),
(4239, 27, 7, NULL, '', ''),
(4240, 8, 8, NULL, '', ''),
(4241, 76, 8, NULL, '', ''),
(4242, 64, 9, NULL, '', ''),
(4243, 52, 9, NULL, '', ''),
(4244, 4, 10, NULL, '', ''),
(4245, 2, 7, NULL, '', ''),
(4246, 3, 4, NULL, '', ''),
(4247, 32, 1, NULL, '', ''),
(4248, 6, 3, NULL, '', ''),
(4249, 75, 11, NULL, '', ''),
(4250, 75, 9, NULL, '', ''),
(4251, 13, 5, NULL, '', ''),
(4252, 58, 3, NULL, '', ''),
(4253, 81, 4, NULL, '', ''),
(4254, 36, 4, NULL, '', ''),
(4255, 32, 10, NULL, '', ''),
(4256, 29, 1, NULL, '', ''),
(4257, 23, 3, NULL, '', ''),
(4258, 11, 1, NULL, '', ''),
(4259, 3, 10, NULL, '', ''),
(4260, 27, 11, NULL, '', ''),
(4261, 70, 5, NULL, '', ''),
(4262, 42, 4, NULL, '', ''),
(4263, 4, 4, NULL, '', ''),
(4264, 23, 7, NULL, '', ''),
(4265, 76, 11, NULL, '', ''),
(4266, 14, 10, NULL, '', ''),
(4267, 68, 7, NULL, '', ''),
(4268, 30, 2, NULL, '', ''),
(4269, 32, 8, NULL, '', ''),
(4270, 9, 7, NULL, '', ''),
(4271, 36, 7, NULL, '', ''),
(4272, 38, 7, NULL, '', ''),
(4273, 64, 1, NULL, '', ''),
(4274, 60, 7, NULL, '', ''),
(4275, 75, 8, NULL, '', ''),
(4276, 64, 9, NULL, '', ''),
(4277, 52, 9, NULL, '', ''),
(4278, 78, 6, NULL, '', ''),
(4279, 50, 6, NULL, '', ''),
(4280, 73, 10, NULL, '', ''),
(4281, 36, 8, NULL, '', ''),
(4282, 19, 1, NULL, '', ''),
(4283, 35, 1, NULL, '', ''),
(4284, 13, 6, NULL, '', ''),
(4285, 78, 4, NULL, '', ''),
(4286, 71, 4, NULL, '', ''),
(4287, 81, 11, NULL, '', ''),
(4288, 77, 9, NULL, '', ''),
(4289, 5, 11, NULL, '', ''),
(4290, 45, 11, NULL, '', ''),
(4291, 78, 1, NULL, '', ''),
(4292, 19, 1, NULL, '', ''),
(4293, 55, 2, NULL, '', ''),
(4294, 69, 8, NULL, '', ''),
(4295, 3, 1, NULL, '', ''),
(4296, 80, 10, NULL, '', ''),
(4297, 38, 8, NULL, '', ''),
(4298, 67, 3, NULL, '', ''),
(4299, 47, 3, NULL, '', ''),
(4300, 39, 8, NULL, '', ''),
(4301, 77, 8, NULL, '', ''),
(4302, 55, 4, NULL, '', ''),
(4303, 28, 10, NULL, '', ''),
(4304, 28, 1, NULL, '', ''),
(4305, 28, 6, NULL, '', ''),
(4306, 31, 6, NULL, '', ''),
(4307, 13, 5, NULL, '', ''),
(4308, 41, 4, NULL, '', ''),
(4309, 18, 1, NULL, '', ''),
(4310, 41, 5, NULL, '', ''),
(4311, 47, 7, NULL, '', ''),
(4312, 25, 8, NULL, '', ''),
(4313, 47, 9, NULL, '', ''),
(4314, 26, 2, NULL, '', ''),
(4315, 55, 11, NULL, '', ''),
(4316, 76, 8, NULL, '', ''),
(4317, 60, 6, NULL, '', ''),
(4318, 38, 8, NULL, '', ''),
(4319, 15, 9, NULL, '', ''),
(4320, 17, 9, NULL, '', ''),
(4321, 26, 3, NULL, '', ''),
(4322, 11, 1, NULL, '', ''),
(4323, 51, 2, NULL, '', ''),
(4324, 61, 5, NULL, '', ''),
(4325, 51, 11, NULL, '', ''),
(4326, 79, 11, NULL, '', ''),
(4327, 77, 9, NULL, '', ''),
(4328, 14, 5, NULL, '', ''),
(4329, 60, 4, NULL, '', ''),
(4330, 37, 3, NULL, '', ''),
(4331, 68, 5, NULL, '', ''),
(4332, 62, 5, NULL, '', ''),
(4333, 75, 4, NULL, '', ''),
(4334, 60, 9, NULL, '', ''),
(4335, 51, 10, NULL, '', ''),
(4336, 23, 11, NULL, '', ''),
(4337, 61, 11, NULL, '', ''),
(4338, 46, 11, NULL, '', ''),
(4339, 2, 3, NULL, '', ''),
(4340, 17, 3, NULL, '', ''),
(4341, 60, 10, NULL, '', ''),
(4342, 11, 1, NULL, '', ''),
(4343, 63, 9, NULL, '', ''),
(4344, 53, 10, NULL, '', ''),
(4345, 18, 7, NULL, '', ''),
(4346, 17, 4, NULL, '', ''),
(4347, 4, 3, NULL, '', ''),
(4348, 2, 5, NULL, '', ''),
(4349, 74, 4, NULL, '', ''),
(4350, 80, 10, NULL, '', ''),
(4351, 36, 7, NULL, '', ''),
(4352, 46, 1, NULL, '', ''),
(4353, 52, 11, NULL, '', ''),
(4354, 80, 1, NULL, '', ''),
(4355, 7, 4, NULL, '', ''),
(4356, 48, 10, NULL, '', ''),
(4357, 32, 6, NULL, '', ''),
(4358, 13, 5, NULL, '', ''),
(4359, 31, 9, NULL, '', ''),
(4360, 66, 8, NULL, '', ''),
(4361, 76, 8, NULL, '', ''),
(4362, 40, 6, NULL, '', ''),
(4363, 76, 3, NULL, '', ''),
(4364, 21, 8, NULL, '', ''),
(4365, 39, 5, NULL, '', ''),
(4366, 54, 1, NULL, '', ''),
(4367, 26, 5, NULL, '', ''),
(4368, 81, 10, NULL, '', ''),
(4369, 11, 3, NULL, '', ''),
(4370, 43, 1, NULL, '', ''),
(4371, 68, 11, NULL, '', ''),
(4372, 6, 7, NULL, '', ''),
(4373, 57, 9, NULL, '', ''),
(4374, 57, 3, NULL, '', ''),
(4375, 71, 9, NULL, '', ''),
(4376, 17, 9, NULL, '', ''),
(4377, 15, 8, NULL, '', ''),
(4378, 52, 3, NULL, '', ''),
(4379, 28, 11, NULL, '', ''),
(4380, 65, 2, NULL, '', ''),
(4381, 10, 4, NULL, '', ''),
(4382, 8, 7, NULL, '', ''),
(4383, 55, 7, NULL, '', ''),
(4384, 78, 11, NULL, '', ''),
(4385, 6, 5, NULL, '', ''),
(4386, 59, 5, NULL, '', ''),
(4387, 3, 10, NULL, '', ''),
(4388, 20, 7, NULL, '', ''),
(4389, 11, 11, NULL, '', ''),
(4390, 20, 6, NULL, '', ''),
(4391, 46, 5, NULL, '', ''),
(4392, 35, 10, NULL, '', ''),
(4393, 79, 4, NULL, '', ''),
(4394, 55, 5, NULL, '', ''),
(4395, 7, 2, NULL, '', ''),
(4396, 36, 9, NULL, '', ''),
(4397, 55, 11, NULL, '', ''),
(4398, 60, 9, NULL, '', ''),
(4399, 73, 1, NULL, '', ''),
(4400, 32, 11, NULL, '', ''),
(4401, 36, 5, NULL, '', ''),
(4402, 59, 5, NULL, '', ''),
(4403, 64, 9, NULL, '', ''),
(4404, 32, 8, NULL, '', ''),
(4405, 27, 7, NULL, '', ''),
(4406, 67, 5, NULL, '', ''),
(4407, 41, 4, NULL, '', ''),
(4408, 20, 2, NULL, '', ''),
(4409, 80, 6, NULL, '', ''),
(4410, 35, 8, NULL, '', ''),
(4411, 20, 2, NULL, '', ''),
(4412, 66, 8, NULL, '', ''),
(4413, 14, 8, NULL, '', ''),
(4414, 80, 10, NULL, '', ''),
(4415, 17, 6, NULL, '', ''),
(4416, 78, 3, NULL, '', ''),
(4417, 37, 5, NULL, '', ''),
(4418, 74, 2, NULL, '', ''),
(4419, 15, 5, NULL, '', ''),
(4420, 23, 4, NULL, '', ''),
(4421, 54, 5, NULL, '', ''),
(4422, 80, 9, NULL, '', ''),
(4423, 58, 5, NULL, '', ''),
(4424, 61, 7, NULL, '', ''),
(4425, 71, 6, NULL, '', ''),
(4426, 71, 10, NULL, '', ''),
(4427, 57, 11, NULL, '', ''),
(4428, 41, 9, NULL, '', ''),
(4429, 22, 1, NULL, '', ''),
(4430, 35, 1, NULL, '', ''),
(4431, 63, 9, NULL, '', ''),
(4432, 64, 5, NULL, '', ''),
(4433, 70, 11, NULL, '', ''),
(4434, 22, 5, NULL, '', ''),
(4435, 34, 9, NULL, '', ''),
(4436, 38, 1, NULL, '', ''),
(4437, 80, 8, NULL, '', ''),
(4438, 41, 6, NULL, '', ''),
(4439, 64, 7, NULL, '', ''),
(4440, 31, 3, NULL, '', ''),
(4441, 6, 8, NULL, '', ''),
(4442, 80, 11, NULL, '', ''),
(4443, 80, 11, NULL, '', ''),
(4444, 60, 10, NULL, '', ''),
(4445, 17, 5, NULL, '', ''),
(4446, 28, 6, NULL, '', ''),
(4447, 54, 8, NULL, '', ''),
(4448, 33, 1, NULL, '', ''),
(4449, 65, 11, NULL, '', ''),
(4450, 47, 10, NULL, '', ''),
(4451, 62, 2, NULL, '', ''),
(4452, 25, 2, NULL, '', ''),
(4453, 66, 7, NULL, '', ''),
(4454, 51, 4, NULL, '', ''),
(4455, 43, 9, NULL, '', ''),
(4456, 23, 2, NULL, '', ''),
(4457, 57, 2, NULL, '', ''),
(4458, 57, 1, NULL, '', ''),
(4459, 1, 11, NULL, '', ''),
(4460, 58, 9, NULL, '', ''),
(4461, 47, 8, NULL, '', ''),
(4462, 44, 9, NULL, '', ''),
(4463, 6, 2, NULL, '', ''),
(4464, 33, 8, NULL, '', ''),
(4465, 3, 3, NULL, '', ''),
(4466, 80, 4, NULL, '', ''),
(4467, 39, 6, NULL, '', ''),
(4468, 19, 6, NULL, '', ''),
(4469, 79, 3, NULL, '', ''),
(4470, 34, 3, NULL, '', ''),
(4471, 10, 9, NULL, '', ''),
(4472, 35, 10, NULL, '', ''),
(4473, 15, 3, NULL, '', ''),
(4474, 36, 7, NULL, '', ''),
(4475, 53, 6, NULL, '', ''),
(4476, 29, 5, NULL, '', ''),
(4477, 71, 3, NULL, '', ''),
(4478, 34, 5, NULL, '', ''),
(4479, 80, 7, NULL, '', ''),
(4480, 3, 4, NULL, '', ''),
(4481, 50, 1, NULL, '', ''),
(4482, 34, 11, NULL, '', ''),
(4483, 33, 3, NULL, '', ''),
(4484, 77, 1, NULL, '', ''),
(4485, 16, 11, NULL, '', ''),
(4486, 17, 2, NULL, '', ''),
(4487, 8, 1, NULL, '', ''),
(4488, 4, 1, NULL, '', ''),
(4489, 5, 2, NULL, '', ''),
(4490, 46, 4, NULL, '', ''),
(4491, 8, 5, NULL, '', ''),
(4492, 64, 8, NULL, '', ''),
(4493, 10, 6, NULL, '', ''),
(4494, 4, 9, NULL, '', ''),
(4495, 60, 4, NULL, '', ''),
(4496, 43, 7, NULL, '', ''),
(4497, 26, 10, NULL, '', ''),
(4498, 27, 1, NULL, '', ''),
(4499, 26, 5, NULL, '', ''),
(4500, 8, 3, NULL, '', ''),
(4501, 79, 2, NULL, '', ''),
(4502, 50, 8, NULL, '', ''),
(4503, 61, 7, NULL, '', ''),
(4504, 64, 2, NULL, '', ''),
(4505, 12, 5, NULL, '', ''),
(4506, 44, 6, NULL, '', ''),
(4507, 81, 5, NULL, '', ''),
(4508, 12, 5, NULL, '', ''),
(4509, 54, 1, NULL, '', ''),
(4510, 23, 3, NULL, '', ''),
(4511, 22, 8, NULL, '', ''),
(4512, 50, 1, NULL, '', ''),
(4513, 15, 11, NULL, '', ''),
(4514, 2, 5, NULL, '', ''),
(4515, 62, 8, NULL, '', ''),
(4516, 19, 1, NULL, '', ''),
(4517, 35, 1, NULL, '', ''),
(4518, 1, 10, NULL, '', ''),
(4519, 33, 4, NULL, '', ''),
(4520, 45, 8, NULL, '', ''),
(4521, 66, 11, NULL, '', ''),
(4522, 27, 9, NULL, '', ''),
(4523, 4, 9, NULL, '', ''),
(4524, 61, 5, NULL, '', ''),
(4525, 70, 1, NULL, '', ''),
(4526, 41, 6, NULL, '', ''),
(4527, 68, 9, NULL, '', ''),
(4528, 20, 11, NULL, '', ''),
(4529, 18, 2, NULL, '', ''),
(4530, 73, 2, NULL, '', ''),
(4531, 78, 5, NULL, '', ''),
(4532, 17, 9, NULL, '', ''),
(4533, 13, 6, NULL, '', ''),
(4534, 8, 11, NULL, '', ''),
(4535, 36, 4, NULL, '', ''),
(4536, 31, 10, NULL, '', ''),
(4537, 14, 3, NULL, '', ''),
(4538, 61, 1, NULL, '', ''),
(4539, 66, 11, NULL, '', ''),
(4540, 46, 9, NULL, '', ''),
(4541, 31, 5, NULL, '', ''),
(4542, 5, 11, NULL, '', ''),
(4543, 60, 9, NULL, '', ''),
(4544, 36, 11, NULL, '', ''),
(4545, 52, 3, NULL, '', ''),
(4546, 17, 4, NULL, '', ''),
(4547, 10, 7, NULL, '', ''),
(4548, 40, 8, NULL, '', ''),
(4549, 7, 3, NULL, '', ''),
(4550, 7, 7, NULL, '', ''),
(4551, 66, 3, NULL, '', ''),
(4552, 46, 3, NULL, '', ''),
(4553, 39, 8, NULL, '', ''),
(4554, 80, 10, NULL, '', ''),
(4555, 32, 4, NULL, '', ''),
(4556, 36, 3, NULL, '', ''),
(4557, 62, 3, NULL, '', ''),
(4558, 51, 7, NULL, '', ''),
(4559, 6, 7, NULL, '', ''),
(4560, 44, 1, NULL, '', ''),
(4561, 59, 5, NULL, '', ''),
(4562, 67, 11, NULL, '', ''),
(4563, 14, 1, NULL, '', ''),
(4564, 68, 11, NULL, '', ''),
(4565, 22, 6, NULL, '', ''),
(4566, 52, 9, NULL, '', ''),
(4567, 61, 6, NULL, '', ''),
(4568, 38, 8, NULL, '', ''),
(4569, 2, 1, NULL, '', ''),
(4570, 25, 4, NULL, '', ''),
(4571, 50, 2, NULL, '', ''),
(4572, 75, 2, NULL, '', ''),
(4573, 79, 5, NULL, '', ''),
(4574, 12, 6, NULL, '', ''),
(4575, 5, 9, NULL, '', ''),
(4576, 60, 4, NULL, '', ''),
(4577, 38, 4, NULL, '', ''),
(4578, 22, 4, NULL, '', ''),
(4579, 73, 5, NULL, '', ''),
(4580, 44, 5, NULL, '', ''),
(4581, 23, 3, NULL, '', ''),
(4582, 24, 9, NULL, '', ''),
(4583, 5, 10, NULL, '', ''),
(4584, 30, 1, NULL, '', ''),
(4585, 30, 7, NULL, '', ''),
(4586, 65, 3, NULL, '', ''),
(4587, 60, 1, NULL, '', ''),
(4588, 67, 1, NULL, '', ''),
(4589, 74, 4, NULL, '', ''),
(4590, 80, 10, NULL, '', ''),
(4591, 42, 10, NULL, '', ''),
(4592, 68, 6, NULL, '', ''),
(4593, 11, 1, NULL, '', ''),
(4594, 78, 7, NULL, '', ''),
(4595, 8, 8, NULL, '', ''),
(4596, 9, 6, NULL, '', ''),
(4597, 13, 4, NULL, '', ''),
(4598, 8, 6, NULL, '', ''),
(4599, 30, 3, NULL, '', ''),
(4600, 7, 8, NULL, '', ''),
(4601, 17, 11, NULL, '', ''),
(4602, 7, 7, NULL, '', ''),
(4603, 60, 10, NULL, '', ''),
(4604, 22, 8, NULL, '', ''),
(4605, 42, 6, NULL, '', ''),
(4606, 16, 4, NULL, '', ''),
(4607, 80, 11, NULL, '', ''),
(4608, 74, 7, NULL, '', ''),
(4609, 32, 1, NULL, '', ''),
(4610, 12, 6, NULL, '', ''),
(4611, 21, 8, NULL, '', ''),
(4612, 47, 10, NULL, '', ''),
(4613, 45, 2, NULL, '', ''),
(4614, 19, 7, NULL, '', ''),
(4615, 38, 5, NULL, '', ''),
(4616, 51, 11, NULL, '', ''),
(4617, 57, 9, NULL, '', ''),
(4618, 61, 5, NULL, '', ''),
(4619, 66, 10, NULL, '', ''),
(4620, 63, 4, NULL, '', ''),
(4621, 23, 5, NULL, '', ''),
(4622, 24, 3, NULL, '', ''),
(4623, 9, 11, NULL, '', ''),
(4624, 30, 1, NULL, '', ''),
(4625, 78, 9, NULL, '', ''),
(4626, 67, 10, NULL, '', ''),
(4627, 4, 6, NULL, '', ''),
(4628, 42, 11, NULL, '', ''),
(4629, 22, 5, NULL, '', ''),
(4630, 28, 5, NULL, '', ''),
(4631, 9, 4, NULL, '', ''),
(4632, 5, 5, NULL, '', ''),
(4633, 8, 1, NULL, '', ''),
(4634, 12, 6, NULL, '', ''),
(4635, 74, 2, NULL, '', ''),
(4636, 75, 3, NULL, '', ''),
(4637, 33, 4, NULL, '', ''),
(4638, 20, 4, NULL, '', ''),
(4639, 76, 8, NULL, '', ''),
(4640, 41, 6, NULL, '', ''),
(4641, 18, 5, NULL, '', ''),
(4642, 41, 3, NULL, '', ''),
(4643, 56, 8, NULL, '', ''),
(4644, 32, 10, NULL, '', ''),
(4645, 18, 6, NULL, '', ''),
(4646, 53, 10, NULL, '', ''),
(4647, 29, 3, NULL, '', ''),
(4648, 72, 10, NULL, '', ''),
(4649, 39, 11, NULL, '', ''),
(4650, 18, 4, NULL, '', ''),
(4651, 70, 5, NULL, '', ''),
(4652, 32, 9, NULL, '', ''),
(4653, 57, 2, NULL, '', ''),
(4654, 59, 2, NULL, '', ''),
(4655, 30, 6, NULL, '', ''),
(4656, 39, 10, NULL, '', ''),
(4657, 66, 6, NULL, '', ''),
(4658, 78, 4, NULL, '', ''),
(4659, 72, 4, NULL, '', ''),
(4660, 11, 7, NULL, '', ''),
(4661, 51, 4, NULL, '', ''),
(4662, 47, 1, NULL, '', ''),
(4663, 31, 9, NULL, '', ''),
(4664, 74, 2, NULL, '', ''),
(4665, 74, 2, NULL, '', ''),
(4666, 2, 8, NULL, '', ''),
(4667, 22, 4, NULL, '', ''),
(4668, 77, 8, NULL, '', ''),
(4669, 46, 9, NULL, '', ''),
(4670, 12, 5, NULL, '', ''),
(4671, 58, 4, NULL, '', ''),
(4672, 21, 5, NULL, '', ''),
(4673, 23, 3, NULL, '', ''),
(4674, 7, 10, NULL, '', ''),
(4675, 4, 8, NULL, '', ''),
(4676, 16, 11, NULL, '', ''),
(4677, 19, 3, NULL, '', ''),
(4678, 43, 11, NULL, '', ''),
(4679, 5, 6, NULL, '', ''),
(4680, 19, 8, NULL, '', ''),
(4681, 75, 5, NULL, '', ''),
(4682, 40, 2, NULL, '', ''),
(4683, 3, 10, NULL, '', ''),
(4684, 13, 3, NULL, '', ''),
(4685, 58, 10, NULL, '', ''),
(4686, 81, 6, NULL, '', ''),
(4687, 35, 8, NULL, '', ''),
(4688, 22, 3, NULL, '', ''),
(4689, 23, 8, NULL, '', ''),
(4690, 62, 8, NULL, '', ''),
(4691, 2, 2, NULL, '', ''),
(4692, 46, 5, NULL, '', ''),
(4693, 47, 6, NULL, '', ''),
(4694, 61, 4, NULL, '', ''),
(4695, 14, 11, NULL, '', ''),
(4696, 31, 11, NULL, '', ''),
(4697, 50, 3, NULL, '', ''),
(4698, 18, 6, NULL, '', ''),
(4699, 52, 9, NULL, '', ''),
(4700, 11, 3, NULL, '', ''),
(4701, 60, 11, NULL, '', ''),
(4702, 63, 10, NULL, '', ''),
(4703, 1, 5, NULL, '', ''),
(4704, 15, 7, NULL, '', ''),
(4705, 23, 9, NULL, '', ''),
(4706, 66, 10, NULL, '', ''),
(4707, 65, 5, NULL, '', ''),
(4708, 67, 9, NULL, '', ''),
(4709, 32, 8, NULL, '', ''),
(4710, 8, 6, NULL, '', ''),
(4711, 11, 3, NULL, '', ''),
(4712, 46, 3, NULL, '', ''),
(4713, 51, 4, NULL, '', ''),
(4714, 68, 2, NULL, '', ''),
(4715, 16, 6, NULL, '', ''),
(4716, 12, 1, NULL, '', ''),
(4717, 79, 7, NULL, '', ''),
(4718, 6, 7, NULL, '', ''),
(4719, 48, 3, NULL, '', ''),
(4720, 41, 9, NULL, '', ''),
(4721, 19, 11, NULL, '', ''),
(4722, 73, 8, NULL, '', ''),
(4723, 71, 3, NULL, '', ''),
(4724, 45, 1, NULL, '', ''),
(4725, 57, 3, NULL, '', ''),
(4726, 22, 6, NULL, '', ''),
(4727, 57, 11, NULL, '', ''),
(4728, 73, 6, NULL, '', ''),
(4729, 57, 1, NULL, '', ''),
(4730, 18, 10, NULL, '', ''),
(4731, 69, 7, NULL, '', ''),
(4732, 17, 4, NULL, '', ''),
(4733, 10, 7, NULL, '', ''),
(4734, 39, 8, NULL, '', ''),
(4735, 76, 8, NULL, '', ''),
(4736, 44, 8, NULL, '', ''),
(4737, 62, 9, NULL, '', ''),
(4738, 51, 9, NULL, '', ''),
(4739, 1, 9, NULL, '', ''),
(4740, 50, 10, NULL, '', ''),
(4741, 35, 7, NULL, '', ''),
(4742, 55, 7, NULL, '', ''),
(4743, 69, 6, NULL, '', ''),
(4744, 7, 10, NULL, '', ''),
(4745, 73, 11, NULL, '', ''),
(4746, 17, 2, NULL, '', ''),
(4747, 79, 6, NULL, '', ''),
(4748, 38, 11, NULL, '', ''),
(4749, 16, 3, NULL, '', ''),
(4750, 30, 4, NULL, '', ''),
(4751, 23, 6, NULL, '', ''),
(4752, 73, 10, NULL, '', ''),
(4753, 42, 1, NULL, '', ''),
(4754, 57, 4, NULL, '', ''),
(4755, 56, 5, NULL, '', ''),
(4756, 64, 9, NULL, '', ''),
(4757, 52, 9, NULL, '', ''),
(4758, 6, 11, NULL, '', ''),
(4759, 42, 9, NULL, '', ''),
(4760, 19, 10, NULL, '', ''),
(4761, 60, 1, NULL, '', ''),
(4762, 73, 5, NULL, '', ''),
(4763, 33, 9, NULL, '', ''),
(4764, 39, 3, NULL, '', ''),
(4765, 40, 10, NULL, '', ''),
(4766, 77, 1, NULL, '', ''),
(4767, 44, 6, NULL, '', ''),
(4768, 65, 6, NULL, '', ''),
(4769, 24, 10, NULL, '', ''),
(4770, 23, 10, NULL, '', ''),
(4771, 57, 9, NULL, '', ''),
(4772, 52, 11, NULL, '', ''),
(4773, 79, 11, NULL, '', ''),
(4774, 53, 6, NULL, '', ''),
(4775, 47, 4, NULL, '', ''),
(4776, 5, 3, NULL, '', ''),
(4777, 77, 1, NULL, '', ''),
(4778, 41, 4, NULL, '', ''),
(4779, 2, 2, NULL, '', ''),
(4780, 69, 8, NULL, '', ''),
(4781, 77, 8, NULL, '', ''),
(4782, 33, 1, NULL, '', ''),
(4783, 79, 9, NULL, '', ''),
(4784, 78, 6, NULL, '', ''),
(4785, 38, 11, NULL, '', ''),
(4786, 15, 2, NULL, '', ''),
(4787, 25, 11, NULL, '', ''),
(4788, 81, 1, NULL, '', ''),
(4789, 25, 4, NULL, '', ''),
(4790, 66, 11, NULL, '', ''),
(4791, 46, 10, NULL, '', ''),
(4792, 37, 9, NULL, '', ''),
(4793, 50, 8, NULL, '', ''),
(4794, 33, 1, NULL, '', ''),
(4795, 8, 4, NULL, '', ''),
(4796, 9, 8, NULL, '', ''),
(4797, 20, 1, NULL, '', ''),
(4798, 45, 7, NULL, '', ''),
(4799, 21, 6, NULL, '', ''),
(4800, 65, 5, NULL, '', ''),
(4801, 70, 11, NULL, '', ''),
(4802, 19, 3, NULL, '', ''),
(4803, 54, 6, NULL, '', ''),
(4804, 36, 8, NULL, '', ''),
(4805, 24, 4, NULL, '', ''),
(4806, 42, 9, NULL, '', ''),
(4807, 13, 7, NULL, '', ''),
(4808, 25, 10, NULL, '', ''),
(4809, 25, 11, NULL, '', ''),
(4810, 80, 11, NULL, '', ''),
(4811, 3, 3, NULL, '', ''),
(4812, 66, 6, NULL, '', ''),
(4813, 77, 4, NULL, '', ''),
(4814, 56, 6, NULL, '', ''),
(4815, 37, 9, NULL, '', ''),
(4816, 40, 2, NULL, '', ''),
(4817, 17, 8, NULL, '', ''),
(4818, 46, 10, NULL, '', ''),
(4819, 59, 11, NULL, '', ''),
(4820, 57, 7, NULL, '', ''),
(4821, 60, 11, NULL, '', ''),
(4822, 55, 5, NULL, '', ''),
(4823, 17, 8, NULL, '', ''),
(4824, 64, 10, NULL, '', ''),
(4825, 1, 5, NULL, '', ''),
(4826, 16, 7, NULL, '', ''),
(4827, 35, 4, NULL, '', ''),
(4828, 39, 4, NULL, '', ''),
(4829, 14, 10, NULL, '', ''),
(4830, 71, 8, NULL, '', ''),
(4831, 79, 8, NULL, '', ''),
(4832, 42, 6, NULL, '', ''),
(4833, 81, 5, NULL, '', ''),
(4834, 23, 1, NULL, '', ''),
(4835, 27, 7, NULL, '', ''),
(4836, 67, 5, NULL, '', ''),
(4837, 41, 4, NULL, '', ''),
(4838, 11, 8, NULL, '', ''),
(4839, 72, 5, NULL, '', ''),
(4840, 44, 5, NULL, '', ''),
(4841, 30, 8, NULL, '', ''),
(4842, 14, 10, NULL, '', ''),
(4843, 73, 10, NULL, '', ''),
(4844, 47, 4, NULL, '', ''),
(4845, 59, 9, NULL, '', ''),
(4846, 43, 5, NULL, '', ''),
(4847, 37, 1, NULL, '', ''),
(4848, 80, 8, NULL, '', ''),
(4849, 41, 5, NULL, '', ''),
(4850, 55, 1, NULL, '', ''),
(4851, 21, 2, NULL, '', ''),
(4852, 65, 8, NULL, '', ''),
(4853, 75, 7, NULL, '', ''),
(4854, 28, 10, NULL, '', ''),
(4855, 14, 4, NULL, '', ''),
(4856, 14, 10, NULL, '', ''),
(4857, 53, 9, NULL, '', ''),
(4858, 69, 11, NULL, '', ''),
(4859, 17, 3, NULL, '', ''),
(4860, 29, 2, NULL, '', ''),
(4861, 65, 6, NULL, '', ''),
(4862, 2, 7, NULL, '', ''),
(4863, 7, 6, NULL, '', ''),
(4864, 38, 8, NULL, '', ''),
(4865, 9, 5, NULL, '', ''),
(4866, 73, 2, NULL, '', ''),
(4867, 74, 3, NULL, '', ''),
(4868, 22, 9, NULL, '', ''),
(4869, 74, 4, NULL, '', ''),
(4870, 77, 8, NULL, '', ''),
(4871, 52, 2, NULL, '', ''),
(4872, 50, 8, NULL, '', ''),
(4873, 66, 10, NULL, '', ''),
(4874, 78, 2, NULL, '', ''),
(4875, 64, 6, NULL, '', ''),
(4876, 28, 2, NULL, '', ''),
(4877, 40, 2, NULL, '', ''),
(4878, 17, 7, NULL, '', ''),
(4879, 40, 7, NULL, '', ''),
(4880, 32, 3, NULL, '', ''),
(4881, 77, 1, NULL, '', ''),
(4882, 38, 2, NULL, '', ''),
(4883, 30, 5, NULL, '', ''),
(4884, 63, 9, NULL, '', '');

-- --------------------------------------------------------

--
-- Table structure for table `roomtype`
--

CREATE TABLE `roomtype` (
  `typeID` int(11) NOT NULL,
  `name` varchar(128) NOT NULL,
  `rate` decimal(10,2) NOT NULL,
  `beds` int(11) NOT NULL,
  `description` varchar(255) NOT NULL
) ENGINE=InnoDB DEFAULT CHARSET=utf8;

--
-- Dumping data for table `roomtype`
--

INSERT INTO `roomtype` (`typeID`, `name`, `rate`, `beds`, `description`) VALUES
(1, 'Studio', '100.25', 1, 'Studio: A room with a studio bed – a couch that can be converted into a bed. May also have an additional bed.'),
(2, 'Single', '110.25', 1, 'Single: A room assigned to one person. May have one or more beds.'),
(3, 'Double', '140.55', 2, 'Double: A room assigned to two people. May have one or more beds.'),
(4, 'Triple', '160.10', 3, 'Triple: A room assigned to three people. May have two or more beds.'),
(5, 'Quad', '180.99', 4, 'Quad: A room assigned to four people. May have two or more beds.'),
(6, 'Queen', '230.00', 1, 'Queen: A room with a queen-sized bed. May be occupied by one or more people.'),
(7, 'King', '250.00', 1, 'King: A room with a king-sized bed. May be occupied by one or more people.'),
(8, 'Twin', '145.55', 2, 'Twin: A room with two beds. May be occupied by one or more people.'),
(9, 'Double-double', '220.50', 2, 'Double-double: A room with two double (or perhaps queen) beds. May be occupied by one or more people.'),
(10, 'Mini-Suite', '280.11', 1, 'Mini-Suite or Junior Suite: A single room with a bed and sitting area. Sometimes the sleeping area is in a bedroom separate from the parlour or living room.'),
(11, 'Master Suite', '299.99', 2, 'Master Suite: A parlour or living room connected to one or more bedrooms.');

--
-- Indexes for dumped tables
--

--
-- Indexes for table `customerlogon`
--
ALTER TABLE `customerlogon`
  ADD PRIMARY KEY (`userName`),
  ADD KEY `customerID` (`customerID`);

--
-- Indexes for table `customers`
--
ALTER TABLE `customers`
  ADD PRIMARY KEY (`customerID`);

--
-- Indexes for table `employee`
--
ALTER TABLE `employee`
  ADD PRIMARY KEY (`employeeID`),
  ADD KEY `hotelID` (`hotelID`);

--
-- Indexes for table `hotels`
--
ALTER TABLE `hotels`
  ADD PRIMARY KEY (`HotelID`);

--
-- Indexes for table `reservations`
--
ALTER TABLE `reservations`
  ADD PRIMARY KEY (`resID`),
  ADD KEY `customerID` (`customerID`),
  ADD KEY `roomID` (`roomID`),
  ADD KEY `hotelID` (`hotelID`);

--
-- Indexes for table `review`
--
ALTER TABLE `review`
  ADD PRIMARY KEY (`reviewID`),
  ADD KEY `customerID` (`customerID`),
  ADD KEY `hotelID` (`hotelID`);

--
-- Indexes for table `rooms`
--
ALTER TABLE `rooms`
  ADD PRIMARY KEY (`roomID`),
  ADD UNIQUE KEY `num` (`num`,`hotelID`) USING BTREE,
  ADD KEY `hotelID` (`hotelID`),
  ADD KEY `typeID` (`typeID`);

--
-- Indexes for table `roomtype`
--
ALTER TABLE `roomtype`
  ADD PRIMARY KEY (`typeID`);

--
-- AUTO_INCREMENT for dumped tables
--

--
-- AUTO_INCREMENT for table `customers`
--
ALTER TABLE `customers`
  MODIFY `customerID` int(11) NOT NULL AUTO_INCREMENT, AUTO_INCREMENT=55;

--
-- AUTO_INCREMENT for table `employee`
--
ALTER TABLE `employee`
  MODIFY `employeeID` int(11) NOT NULL AUTO_INCREMENT;

--
-- AUTO_INCREMENT for table `hotels`
--
ALTER TABLE `hotels`
  MODIFY `HotelID` int(11) NOT NULL AUTO_INCREMENT, AUTO_INCREMENT=82;

--
-- AUTO_INCREMENT for table `reservations`
--
ALTER TABLE `reservations`
  MODIFY `resID` int(11) NOT NULL AUTO_INCREMENT, AUTO_INCREMENT=2;

--
-- AUTO_INCREMENT for table `review`
--
ALTER TABLE `review`
  MODIFY `reviewID` int(11) NOT NULL AUTO_INCREMENT, AUTO_INCREMENT=11;

--
-- AUTO_INCREMENT for table `rooms`
--
ALTER TABLE `rooms`
  MODIFY `roomID` int(11) NOT NULL AUTO_INCREMENT, AUTO_INCREMENT=4885;

--
-- AUTO_INCREMENT for table `roomtype`
--
ALTER TABLE `roomtype`
  MODIFY `typeID` int(11) NOT NULL AUTO_INCREMENT, AUTO_INCREMENT=13;

--
-- Constraints for dumped tables
--

--
-- Constraints for table `customerlogon`
--
ALTER TABLE `customerlogon`
  ADD CONSTRAINT `customerlogon_ibfk_1` FOREIGN KEY (`customerID`) REFERENCES `customers` (`customerID`);

--
-- Constraints for table `employee`
--
ALTER TABLE `employee`
  ADD CONSTRAINT `employee_ibfk_1` FOREIGN KEY (`hotelID`) REFERENCES `hotels` (`HotelID`);

--
-- Constraints for table `reservations`
--
ALTER TABLE `reservations`
  ADD CONSTRAINT `reservations_ibfk_1` FOREIGN KEY (`customerID`) REFERENCES `customers` (`customerID`),
  ADD CONSTRAINT `reservations_ibfk_2` FOREIGN KEY (`roomID`) REFERENCES `rooms` (`roomID`),
  ADD CONSTRAINT `reservations_ibfk_3` FOREIGN KEY (`hotelID`) REFERENCES `hotels` (`HotelID`);

--
-- Constraints for table `review`
--
ALTER TABLE `review`
  ADD CONSTRAINT `review_ibfk_1` FOREIGN KEY (`customerID`) REFERENCES `customers` (`customerID`),
  ADD CONSTRAINT `review_ibfk_2` FOREIGN KEY (`hotelID`) REFERENCES `hotels` (`HotelID`);

--
-- Constraints for table `rooms`
--
ALTER TABLE `rooms`
  ADD CONSTRAINT `rooms_ibfk_1` FOREIGN KEY (`hotelID`) REFERENCES `hotels` (`HotelID`),
  ADD CONSTRAINT `rooms_ibfk_2` FOREIGN KEY (`typeID`) REFERENCES `roomtype` (`typeID`);
COMMIT;

/*!40101 SET CHARACTER_SET_CLIENT=@OLD_CHARACTER_SET_CLIENT */;
/*!40101 SET CHARACTER_SET_RESULTS=@OLD_CHARACTER_SET_RESULTS */;
/*!40101 SET COLLATION_CONNECTION=@OLD_COLLATION_CONNECTION */;
